كود الصنف;اسم الصنف;المجموعة;السعر;النقاط 
DP-F2011002;قاطع فرعي 32 امبير 1 فاز امريكي KSA;لوحات AME;6.8;1
DP-F2012001;قاطع فرعي 6 امبير 1 فاز حساس;لوحات AME;6.8;1
DP-F2012002;قاطع فرعي 10 امبير 1 فاز حساس;لوحات AME;6.8;1
DP-F2012003;قاطع فرعي 16 امبير 1 فاز حساس;لوحات AME;6.8;1
DP-F2012004;قاطع فرعي 20 امبير 1 فاز حساس;لوحات AME;6.8;1
DP-F2012005;قاطع فرعي 25 امبير 1 فاز حساس;لوحات AME;6.8;1
DP-F2012006;قاطع فرعي 32 امبير 1 فاز حساس;لوحات AME;6.8;1
DP-F2012007;قاطع فرعي 40 امبير 1 فاز حساس;لوحات AME;9.5;2
DP-F2012008;قاطع فرعي 50 امبير 1 فاز حساس;لوحات AME;9.5;2
DP-F2012009;قاطع فرعي 63 امبير 1 فاز حساس;لوحات AME;9.5;2
DP-F2012010;قاطع فرعي 20 امبير 2 فاز حساس;لوحات AME;20.4;5
DP-F2012011;قاطع فرعي 25 امبير 2 فاز حساس;لوحات AME;20.4;5
DP-F2012012;قاطع فرعي 32 امبير 2 فاز حساس;لوحات AME;20.4;5
DP-F2012013;قاطع فرعي 40 امبير 2 فاز حساس;لوحات AME;20.4;5
DP-F2012014;قاطع فرعي 50 امبير 2 فاز حساس;لوحات AME;20.4;5
DP-F2012015;قاطع فرعي 63 امبير 2 فاز حساس;لوحات AME;20.4;5
DP-F2012016;قاطع فرعي 32 امبير 3 فاز حساس;لوحات AME;55.9;15
DP-F2012017;قاطع فرعي 40 امبير 3 فاز حساس;لوحات AME;55.9;15
DP-F2012018;قاطع فرعي 50 امبير 3 فاز حساس;لوحات AME;55.9;15
DP-F2012019;قاطع فرعي 63 امبير 3 فاز حساس;لوحات AME;55.9;15
DP-F2013001;قاطع فرعي 16 امبير 1 فاز- RCBO;لوحات AME;77.65;20
DP-F2013002;قاطع فرعي 20 امبير 1 فاز- RCBO;لوحات AME;77.65;20
DP-F2013003;قاطع فرعي 32 امبير 1 فاز امريكي RCBO - KSA;لوحات AME;77.65;20
DP-F2019001;قاطع فرعي 10 امبير 1 فاز;لوحات AME;6.8;1
DP-F2019002;قاطع فرعي 15 امبير 1 فاز;لوحات AME;6.8;1
DP-F2019003;قاطع فرعي 20 امبير 1 فاز;لوحات AME;6.8;1
DP-F2019004;قاطع فرعي 30 امبير 1 فاز;لوحات AME;6.8;1
DP-F2019005;قاطع فرعي 40 امبير 1 فاز;لوحات AME;15.5;4
DP-F2019006;قاطع فرعي 50 امبير 1 فاز;لوحات AME;15.5;4
DP-F2019007;قاطع فرعي 60 امبير 1 فاز;لوحات AME;15.5;4
DP-F2019008;قاطع فرعي 20 امبير 2 فاز;لوحات AME;20.4;5
DP-F2019009;قاطع فرعي 30 امبير 2 فاز;لوحات AME;20.4;5
DP-F2019010;قاطع فرعي 40 امبير 2 فاز;لوحات AME;20.4;5
DP-F2019011;قاطع فرعي 50 امبير 2 فاز;لوحات AME;20.4;5
DP-F2019012;قاطع فرعي 60 امبير 2 فاز;لوحات AME;20.4;5
DP-F2019013;قاطع فرعي 100 امبير 2 فاز;لوحات AME;52;10
DP-F2019014;قاطع فرعي 30 امبير 3 فاز;لوحات AME;55.9;15
DP-F2019015;قاطع فرعي 40 امبير 3 فاز;لوحات AME;55.9;15
DP-F2019016;قاطع فرعي 50 امبير 3 فاز;لوحات AME;55.9;15
DP-F2019017;قاطع فرعي 60 امبير 3 فاز;لوحات AME;55.9;15
DP-F2019018;قاطع فرعي 100 امبير 3 فاز;لوحات AME;55.9;15
DP-F203001;لوحة  4 خط 2 فاز بدون رئيسي;لوحات AME;81.25;20
DP-F203002;لوحة  6 خط 2 فاز بدون رئيسي;لوحات AME;102.5;20
DP-F203003;لوحة  8 خط 2 فاز بدون رئيسي;لوحات AME;128;30
DP-F203004;لوحة  9 خط 3فاز بدون رئيسيMCCB;لوحات AME;128;30
DP-F203005;لوحة  12 خط بدون رئيسي;لوحات AME;239.25;60
DP-F203006;لوحة  18 خط بدون رئيسي;لوحات AME;307.5;80
DP-F204001;لوحة 12 خط 3 فاز مع رئيسي 60 امبير;لوحات AME;256.25;60
DP-F204002;لوحة 24 خط  3 فاز مع رئيسي 60 امبير;لوحات AME;358.75;90
DP-F204003;لوحة 36 خط 3 فاز مع رئيسي 60 امبير;لوحات AME;478.25;120
DP-F204004;لوحة 9 خط 3 فاز مع رئيسي 63 امبير;لوحات AME;213.5;50
DP-F204005;لوحة  6 خط 2 فاز مع رئيسي 100 امبير;لوحات AME;158;40
DP-F204006;لوحة  8 خط 2 فاز مع رئيسي 100 امبير;لوحات AME;188;50
DP-F204007;لوحة 9 خط 3 فاز مع رئيسي 100 امبير;لوحات AME;213.5;50
DP-F204008;لوحة 12 خط 3 فاز مع رئيسي 100 امبير;لوحات AME;256.25;60
DP-F204009;لوحة  18 خط 3 فاز مع رئيسي 100 امبير;لوحات AME;316;80
DP-F204010;لوحة  24 خط 3 فاز مع رئيسي 100 امبير;لوحات AME;358.75;90
DP-F204011;لوحة 30 خط 3 فاز مع رئيسي 100 امبير;لوحات AME;469.75;120
DP-F204012;لوحة 36 خط 3 فاز مع رئيسي 100 امبير;لوحات AME;478.25;120
DP-F204013;لوحة 42 خط 3 فاز مع رئيسي 100 امبير;لوحات AME;606.25;160
DP-F204014;لوحة  48 خط  3 فاز مع رئيسي 100 امبير;لوحات AME;1238.5;300
DP-F204015;لوحة 18 خط 3 فاز مع رئيسي 150 امبير;لوحات AME;427;100
DP-F204016;لوحة 24 خط 3 فاز مع رئيسي 150 امبير;لوحات AME;555;140
DP-F204017;لوحة 30 خط 3 فاز مع رئيسي 150 امبير;لوحات AME;615;160
DP-F204018;لوحة 36 خط 3 فاز مع رئيسي 150 امبير;لوحات AME;700.25;170
DP-F204019;لوحة 42 خط 3 فاز مع رئيسي 150 امبير;لوحات AME;700.25;170
DP-F204020;لوحة  48 خط  3 فاز مع رئيسي 150 امبير;لوحات AME;1495;300
DP-F204021;لوحة  18 خط 3 فاز مع رئيسي 200 امبير;لوحات AME;427;100
DP-F204022;لوحة 24 خط 3 فاز مع رئيسي 200 امبير;لوحات AME;555.25;140
DP-F204023;لوحة 30 خط 3 فاز مع رئيسي 200 امبير;لوحات AME;615;160
DP-F204024;لوحة 36 خط 3 فاز مع رئيسي 200 امبير;لوحات AME;700.25;170
DP-F204025;لوحة 42 خط 3 فاز مع رئيسي 200 امبير;لوحات AME;700.25;170
DP-F204026;لوحة  48 خط  3 فاز مع رئيسي 200 امبير;لوحات AME;854;200
DP-F204027;لوحة 18 خط 3 فاز مع رئيسي 250 امبير;لوحات AME;529.5;140
DP-F204028;لوحة 24 خط 3 فاز مع رئيسي 250 امبير;لوحات AME;615;160
DP-F204029;لوحة 30 خط 3 فاز مع رئيسي 250 امبير;لوحات AME;683.25;170
DP-F204030;لوحة 36 خط 3 فاز مع رئيسي 250 امبير;لوحات AME;768.75;200
DP-F204031;لوحة 42 خط 3 فاز مع رئيسي 250 امبير;لوحات AME;1195.75;300
DP-F204032;لوحة 48 خط 3 فاز مع رئيسي 250 امبير;لوحات AME;1622.75;300
DP-F204033;لوحة 12 خط 3 فاز مع رئيسي63 امبير;لوحات AME;256.25;60
DP-F205001;لوحة  12 خط 3 فاز مع رئيسي 100 امبير RCBO;لوحات AME;281.9;70
DP-F205002;لوحة  18 خط 3 فاز مع رئيسي 100 امبير RCBO;لوحات AME;347.9;90
DP-F206001;لوحة  18 خط 3 فاز مع رئيسي 200 امبير - وتربروف;لوحات AME;504.75;140
DP-F206002;لوحة  18 خط 3 فاز مع رئيسي 250 امبير - وتربروف;لوحات AME;605.6;160
DP-F206004;لوحة  12 خط 3 فاز مع رئيسي 100 امبير - وتربروف;لوحات AME;333.9;90
DP-F206005;لوحة  18 خط 3 فاز مع رئيسي 100 امبير - وتربروف;لوحات AME;393.75;100
DP-F206006;لوحة 24 خط 3 فاز مع رئيسي 100 امبير - وتربروف;لوحات AME;436.25;100
DP-F3011001;قاطع فرعي 32 امبير 1 فاز اوروبي  KSA;لوحات EURP;9.5;2
DP-F3012001;قاطع فرعي 10 امبير 1 فاز اوروبي;لوحات EURP;9.75;2
DP-F3012002;قاطع فرعي 16 امبير 1 فاز اوروبي;لوحات EURP;9.5;2
DP-F3012003;قاطع فرعي 20 امبير 1 فاز اوروبي;لوحات EURP;9.5;2
DP-F3012004;قاطع فرعي 25 امبير 1 فاز اوروبي;لوحات EURP;9.5;2
DP-F3012005;قاطع فرعي 32 امبير 1 فاز اوروبي;لوحات EURP;9.5;2
DP-F3012006;قاطع فرعي 40 امبير 1 فاز اوروبي;لوحات EURP;15.5;4
DP-F3012007;قاطع فرعي 50امبير 1 فاز اوروبي;لوحات EURP;15.5;4
DP-F3012008;قاطع فرعي 63 امبير 1 فاز اوروبي;لوحات EURP;15.5;4
DP-F3012009;قاطع فرعي 20 امبير 2 فاز اوروبي;لوحات EURP;24.75;6
DP-F3012010;قاطع فرعي 25 امبير 2 فاز اوروبي;لوحات EURP;24.75;6
DP-F3012011;قاطع فرعي 32 امبير 2 فاز اوروبي;لوحات EURP;24.75;6
DP-F3012012;قاطع فرعي 40 امبير 2 فاز اوروبي;لوحات EURP;24.75;6
DP-F3012013;قاطع فرعي 50 امبير 2 فاز اوروبي;لوحات EURP;54.3;10
DP-F3012014;قاطع فرعي 63 امبير 2 فاز اوروبي;لوحات EURP;54.3;10
DP-F3012015;قاطع فرعي 32 امبير 3 فاز اوروبي;لوحات EURP;67.5;15
DP-F3012016;قاطع فرعي 40 امبير 3 فاز اوروبي;لوحات EURP;67.5;15
DP-F3012017;قاطع فرعي 50 امبير 3 فاز اوروبي;لوحات EURP;67.5;15
DP-F3012018;قاطع فرعي 63 امبير 3 فاز اوروبي;لوحات EURP;67.5;15
DP-F3013001;قاطع فرعي 16امبير1 فاز اوروبي - RCBO;لوحات EURP;62;15
DP-F3013002;قاطع فرعي 20امبير1 فاز اوروبي - RCBO;لوحات EURP;77.65;20
DP-F3013003;قاطع فرعي 32 امبير 1 فاز اوروبي  RCBO  - KSA;لوحات EURP;77.65;20
DP-F303001;لوحة  6 خط بدون رئيسي اوروبي;لوحات EURP;119.5;30
DP-F303002;لوحة  8 خط بدون رئيسي اوروبي;لوحات EURP;128;30
DP-F303003;لوحة  10خط بدون رئيسي اوروبي;لوحات EURP;145.25;30
DP-F304001;لوحة  4 خط 1فاز مع رئيسي 100 امبير اوروبي  MCCB;لوحات EURP;123.75;30
DP-F304002;لوحة  6 خط 1فاز مع رئيسي 100 امبير اوروبي  MCCB;لوحات EURP;149.5;40
DP-F304003;لوحة  8 خط 2فاز مع رئيسي 100 امبير اوروبي  MCCB;لوحات EURP;162.25;40
DP-F304004;لوحة  10 خط 1فاز مع رئيسي 100 امبير اوروبي  MCCB;لوحات EURP;188;50
DP-F304005;لوحة  12 خط 1فاز مع رئيسي 100 امبير اوروبي  MCCB;لوحات EURP;213.5;50
DP-F304006;لوحة  4 خط  2 فاز مع رئيسي 100 امبير اوروبي  MCCB;لوحات EURP;136.6;30
DP-F304007;لوحة  6 خط  2 فاز مع رئيسي 100 امبير اوروبي  MCCB;لوحات EURP;153.75;40
DP-F304008;لوحة 12 خط  3 فاز مع رئيسي 32 امبير  اوروبي MCCB;لوحات EURP;213.5;50
DP-F304009;لوحة  18 خط  3 فاز مع رئيسي 100 امبير اوروبي MCCB;لوحات EURP;247.75;60
DP-F304010;لوحة  24 خط  3 فاز مع رئيسي 100 امبير اوروبي  MCCB;لوحات EURP;264.75;70
DP-F304011;لوحة 30 خط  3 فاز مع رئيسي 100 امبير  اوروبي  MCCB;لوحات EURP;324.5;80
DP-F304012;لوحة 36 خط  3 فاز مع رئيسي 100 امبير  اوروبي  MCCB;لوحات EURP;393;100
DP-F304013;لوحة  42 خط  3 فاز مع رئيسي 100 امبير اوروبي  MCCB;لوحات EURP;469.75;120
DP-F304014;لوحة  48 خط  3 فاز مع رئيسي 100 امبير اوروبي  MCCB;لوحات EURP;683.25;170
DP-F304015;لوحة  18 خط  3 فاز مع رئيسي 150 امبير اوروبي  MCCB;لوحات EURP;469.75;120
DP-F304016;لوحة  24 خط  3 فاز مع رئيسي 150 امبير اوروبي  MCCB;لوحات EURP;469.75;120
DP-F304017;لوحة 30 خط  3 فاز مع رئيسي 150 امبير  اوروبي  MCCB;لوحات EURP;469.75;120
DP-F304018;لوحة 36 خط  3 فاز مع رئيسي 150 امبير  اوروبي  MCCB;لوحات EURP;504;140
DP-F304019;لوحة 42 خط  3 فاز مع رئيسي 150 امبير  اوروبي  MCCB;لوحات EURP;580.75;150
DP-F304020;لوحة 48 خط  3 فاز مع رئيسي 150 امبير  اوروبي  MCCB;لوحات EURP;640.5;170
DP-F304021;لوحة 24 خط  3 فاز مع رئيسي 200 امبير اوروبي  MCCB;لوحات EURP;469.75;120
DP-F304022;لوحة 30 خط  3 فاز مع رئيسي 200 امبير اوروبي  MCCB;لوحات EURP;512.5;140
DP-F304023;لوحة 36 خط  3 فاز مع رئيسي 200 امبير  اوروبي  MCCB;لوحات EURP;504;140
DP-F304025;لوحة 48 خط  3 فاز مع رئيسي 200 امبير  اوروبي  MCCB;لوحات EURP;640.5;170
DP-F304027;لوحة 36 خط  3 فاز مع رئيسي 250 امبير  اوروبي  MCCB;لوحات EURP;1212.75;300
DP-F304029;لوحة  8 خط 2فاز مع رئيسي 63 امبير اوروبي  MCCB;لوحات EURP;162.25;40
DP-F304033;newلوحة 12 خط  3 فاز مع رئيسي 100 امبير  اوروبي MCCB;لوحات EURP;213.5;50
DP-F304034;newلوحة  18 خط  3 فاز مع رئيسي 100 امبير اوروبي MCCB;لوحات EURP;247.75;60
DP-F304037;newلوحة 24 خط  3 فاز مع رئيسي 100 امبير  اوروبي MCCB;لوحات EURP;264.75;70
DP-F304038;newلوحة 30 خط  3 فاز مع رئيسي 100 امبير  اوروبي MCCB;لوحات EURP;324.5;80
DP-F304039;newلوحة 24 خط  3 فاز مع رئيسي 150 امبير  اوروبي MCCB;لوحات EURP;469.75;120
DP-F304040;newلوحة 30 خط  3 فاز مع رئيسي 200 امبير  اوروبي MCCB;لوحات EURP;512.5;140
DP-F304041;newلوحة 36 خط  3 فاز مع رئيسي 100 امبير  اوروبي MCCB;لوحات EURP;392.9;100
DP-F304042;newلوحة 36 خط  3 فاز مع رئيسي 200 امبير  اوروبي MCCB;لوحات EURP;504;140
DP-F304043;لوحة  18 خط  3 فاز مع رئيسي 100 امبير اوروبي بدون MCCB;لوحات EURP;209.65;50
DP-F304044;ISOLATOR  لوحة 24 خط  3 فاز مع رئيسي 100 امبير اوروبي بدون MCCB;لوحات EURP;248.5;60
DP-F304045;ISOLATOR  لوحة 36 خط  3 فاز مع رئيسي 100 امبير اوروبي بدون MCCB;لوحات EURP;271.75;70
DP-F304046;ISOLATOR  لوحة 12 خط  3 فاز مع رئيسي 100 امبير اوروبي بدون MCCB;لوحات EURP;178.5;40
DP-F304047;newلوحة 36 خط  3 فاز مع رئيسي 250 امبير  اوروبي MCCB;لوحات EURP;582.25;150
DP-F304049;newلوحة 24 خط  3 فاز مع رئيسي 200 امبير  اوروبي MCCB;لوحات EURP;469.75;120
DP-F304053;newلوحة 36 خط  3 فاز مع رئيسي 150 امبير  اوروبي MCCB;لوحات EURP;504;140
DP-F305001;لوح 12خط 3فاز مع رئيسي100 امبير اوربي Dust- proof;لوحات EURP;700.25;170
DP-F305002;لوح 18خط 3فاز مع رئيسي100 امبير اوربي Dust- proof;لوحات EURP;1025;200
DP-F401001;قاطع رئيسى بالعلبة 30 امبير MCB;قاطع بعلبة;120.25;30
DP-F401002;قاطع رئيسى بالعلبة 40امبير- MCB;قاطع بعلبة;120.25;30
DP-F401003;قاطع رئيسى بالعلبة 50 امبير MCB;قاطع بعلبة;120.25;30
DP-F401004;قاطع رئيسى بالعلبة 60 امبير MCB;قاطع بعلبة;120.25;30
DP-F401005;قاطع رئيسى بالعلبة 63 امبير MCB;قاطع بعلبة;120.25;30
DP-F401006;قاطع رئيسى بالعلبة 100 امبير MCB;قاطع بعلبة;120.25;30
DP-F402001;قاطع رئيسى بالعلبة 60 امبير MCB وتربروف;قاطع بعلبة;135.9;30
DP-F402002;قاطع رئيسى بالعلبة 63 امبير MCB وتربروف;قاطع بعلبة;135.9;30
DP-F402003;قاطع رئيسى بالعلبة 100امبير MCB وتربروف;قاطع بعلبة;135.9;30
DP-F403001;قاطع رئيسى بالعلبة 32 امبير MCCB;قاطع بعلبة;116.5;30
DP-F403002;قاطع رئيسى بالعلبة 32 امبير MCB;قاطع بعلبة;120.25;30
DP-F403003;قاطع رئيسى بالعلبة 50 امبير MCCB;قاطع بعلبة;170.75;40
DP-F403004;قاطع رئيسى بالعلبة 60 امبير MCCB;قاطع بعلبة;170.75;40
DP-F403005;قاطع رئيسى بالعلبة 63 امبير MCCB;قاطع بعلبة;170.75;40
DP-F403006;قاطع رئيسى بالعلبة 100 امبير MCCB;قاطع بعلبة;170.75;40
DP-F403007;قاطع رئيسى بالعلبة 150 امبير MCCB;قاطع بعلبة;310.5;80
DP-F403008;قاطع رئيسى بالعلبة 200 امبير MCCB;قاطع بعلبة;310.5;80
DP-F403009;قاطع رئيسى بالعلبة 250 امبير MCCB;قاطع بعلبة;582.25;150
DP-F403010;قاطع رئيسى بالعلبة 300 امبير MCCB;قاطع بعلبة;1010;200
DP-F403011;قاطع رئيسى بالعلبة 400 امبير MCCB;قاطع بعلبة;1010;200
DP-F404002;قاطع رئيسى بالعلبة 100 امبير MCCB وتربروف;قاطع بعلبة;186.35;50
DP-F404003;قاطع رئيسى بالعلبة 150 امبير MCCB وتربروف;قاطع بعلبة;318.35;80
DP-F404004;قاطع رئيسى بالعلبة 200 امبير MCCB وتربروف;قاطع بعلبة;330;80
DP-F404005;قاطع رئيسى بالعلبة 250 امبير MCCB وتربروف;قاطع بعلبة;605.6;160
DP-F501001;لوحة متعددة المخارج 100 امبير MCCB;قاطع بعلبة;582.25;150
DP-F501002;لوحة متعددة المخارج 150 امبير MCCB;قاطع بعلبة;854;200
DP-F501003;لوحة متعددة المخارج 200 امبير MCCB;قاطع بعلبة;854;200
DP-F501004;لوحة متعددة المخارج 250 امبير MCCB;قاطع بعلبة;1553;300
DP-F501005;لوحة متعددة المخارج 300 امبير MCCB;قاطع بعلبة;1941.25;300
DP-F501006;لوحة متعددة المخارج 400 امبير MCCB;قاطع بعلبة;1941.25;300
DP-F501007;لوحة متعددة المخارج 350 امبير MCCB;قاطع بعلبة;2135.25;300
DP-F601001;علبة قاطع بلاستيك بدون;علب WPF;10;2
DP-F602001;لوحة اوروبي وجه بلاستيك 6 خط 2 فاز بدون رئيسي وفرعي;قاطع بعلبة;115.25;30
DP-F602002;لوحة اوروبي وجه بلاستيك 8 خط 2 فاز بدون رئيسي وفرعي;قاطع بعلبة;123.75;30
DP-F602003;لوحة اوروبي وجه بلاستيك 10 خط 2 فاز بدون رئيسي وفرعي;قاطع بعلبة;179.25;40
DP-F602004;لوحة اوروبي وجه بلاستيك 12 خط 2 فاز بدون رئيسي وفرعي;قاطع بعلبة;179.25;40
DP-F603001;لوحة اوروبي وجه بلاستيك 8 خط 2 فاز مع رئيسي 100 امبير;قاطع بعلبة;179.25;40
DP-R107001;مفتاح 20 امبير 2 فاز ISOLATOR;قاطع بعلبة;12;3
DP-R202001;قاطع فرعي 100 امبير 3 فاز ابيض MCB - لوحة 9 خط;لوحات AME;88;20
DP-R202003;مجموعة قاطع رئيسي 3فاز 100 امبير MCB - سعودي;قاطع بعلبة;83;20
DP-R202006;مجموعة قاطع رئيسي 100 امبير MCCB / 6 LUG - سعودي;قاطع بعلبة;147.5;30
DP-R202007;مجموعة قاطع رئيسي 150 امبير MCCB / 6 LUG - سعودي;قاطع بعلبة;221.25;50
DP-R202008;مجموعة قاطع رئيسي 200 امبير MCCB / 6 LUG - سعودي;قاطع بعلبة;271.75;70
DP-R202009;مجموعة قاطع رئيسي 250 امبير MCCB / 6 LUG - سعودي;قاطع بعلبة;310.5;80
DP-R202011;مجموعة قاطع رئيسي 200 امبير MCCB / 3LUG - سعودي;قاطع بعلبة;140.5;30
DP-R202014;مجموعة قاطع رئيسي 3فاز 63 امبير MCB - سعودي;قاطع بعلبة;116.5;30
DP-R202016;قاطع رئيسي 60 امبير 2 فاز;قاطع بعلبة;80;20
DP-R202017;قاطع رئيسي 60امبير 3 فاز  ابيض MCB;قاطع بعلبة;116.5;30
DP-R202018;قاطع رئيسي 100 امبير 2 فاز;قاطع بعلبة;80;20
DP-R202019;قاطع رئيسي 100امبير 3فاز ابيض;قاطع بعلبة;135.75;30
DP-R202020;قاطع رئيسي 100 امبير 2 فاز ISOLATOR;قاطع بعلبة;50.5;10
DP-R202021;قاطع رئيسي 100 امبير 3 فاز ابيض - للوحة 9 خط;قاطع بعلبة;61.25;15
DP-R202024;قاطع رئيسي 100 امبير 3 فاز ابيض MCCB;قاطع بعلبة;121;30
DP-R202025;قاطع رئيسي 200 امبير 3 فاز ابيض MCCB;قاطع بعلبة;219;50
DP-R202026;قاطع رئيسي 200 امبير 3 فاز ابيض MCCB - 3 LUG;قاطع بعلبة;219;50
DP-R202029;قاطع رئيسي 60 امبير 3 فاز ابيض MCCB;قاطع بعلبة;83;20
DP-R202031;قاطع رئيسي 100امبير 3 فاز  اسودMCB;قاطع بعلبة;135.9;30
DP-R302005;قاطع رئيسي 100امبير 2فاز اوربي;قاطع بعلبة;63.65;15
DP-R302007;مجموعة قاطع رئيسي 3 فاز100 امبير ISOLATOR اوروبي - KSA;قاطع بعلبة;81.5;20
RA-F1001001;وحدة انارة داون لايت مخفي  7 وات ابيض -  6500K;داون ALUM;8.25;2
RA-F1001002;وحدة انارة داون لايت مخفي  7 وات اصفر -  3000K;داون ALUM;8.25;2
RA-F1001003;وحدة انارة داون لايت مخفي  7 وات شمسي -  4000K;داون ALUM;8.25;2
RA-F1001004;وحدة انارة داون لايت مخفي 10 وات ابيض -  6500K;داون ALUM;11.6;3
RA-F1001005;وحدة انارة داون لايت مخفي 10 وات اصفر -  3000K;داون ALUM;11.6;3
RA-F1001006;وحدة انارة داون لايت مخفي 10 وات شمسي -  4000K;داون ALUM;11.6;3
RA-F1001007;وحدة انارة داون لايت مخفي 15 وات ابيض -  6500K;داون ALUM;14;3
RA-F1001008;وحدة انارة داون لايت مخفي 15 وات اصفر -  3000K;داون ALUM;14;3
RA-F1001009;وحدة انارة داون لايت مخفي 15 وات شمسي -  4000K;داون ALUM;14;3
RA-F1001010;وحدة انارة داون لايت مخفي 18 وات ابيض -  6500K;داون ALUM;15.75;4
RA-F1001012;وحدة انارة داون لايت مخفي 18 وات شمسي -  4000K;داون ALUM;15.75;4
RA-F1001013;وحدة انارة داون لايت مخفي 20 وات ابيض -  6500K;داون ALUM;20.75;5
RA-F1001014;وحدة انارة داون لايت مخفي 20 وات اصفر -  3000K;داون ALUM;29;7
RA-F1001015;وحدة انارة داون لايت مخفي 20 وات شمسي -  4000K;داون ALUM;29;7
RA-F1001016;وحدة انارة داون لايت مخفي 30 وات ابيض -  6500K;داون ALUM;21.5;5
RA-F1001017;وحدة انارة داون لايت مخفي 30 وات اصفر -  3000K;داون ALUM;21.5;5
RA-F1001018;وحدة انارة داون لايت مخفي 30 وات شمسي -  4000K;داون ALUM;21.5;5
RA-F1001019;وحدة انارة داون لايت مخفي 40 وات ابيض -  6500K;داون ALUM;34;8
RA-F1001020;وحدة انارة داون لايت مخفي 40 وات اصفر -  3000K;داون ALUM;34;8
RA-F1001021;وحدة انارة داون لايت مخفي 40 وات شمسي -  4000K;داون ALUM;34;8
RA-F1001022;وحدة انارة داون لايت مخفي 50 وات ابيض -  6500K;داون ALUM;41.5;10
RA-F1001023;وحدة انارة داون لايت مخفي 50 وات اصفر -  3000K;داون ALUM;41.5;10
RA-F1001024;وحدة انارة داون لايت مخفي 50 وات شمسي -  4000K;داون ALUM;41.5;10
RA-F1001025;وحدة انارة داون لايت مخفي 60 وات ابيض -  6500K;داون ALUM;64;15
RA-F1001026;وحدة انارة داون لايت مخفي 60 وات اصفر -  3000K;داون ALUM;64;15
RA-F1001027;وحدة انارة داون لايت مخفي 60 وات شمسي -  4000K;داون ALUM;64;15
RA-F1001028;وحدة انارة داون لايت مخفي 80 وات ابيض -  6500K;داون ALUM;75.25;20
RA-F1001029;وحدة انارة داون لايت مخفي 80 وات اصفر -  3000K;داون ALUM;75.25;20
RA-F1001101;وحدة انارة داون لايت مخفي 7 وات 6500K - جرم اسود;داون ALUM;8.25;2
RA-F1001102;وحدة انارة داون لايت مخفي 7 وات 3000K - جرم اسود;داون ALUM;8.25;2
RA-F1001103;وحدة انارة داون لايت مخفي 7 وات 4000K - جرم اسود;داون ALUM;8.25;2
RA-F1001104;وحدة انارة داون لايت مخفي 10 وات 6500K - جرم اسود;داون ALUM;11.75;3
RA-F1001105;وحدة انارة داون لايت مخفي 10 وات 3000K - جرم اسود;داون ALUM;11.75;3
RA-F1001106;وحدة انارة داون لايت مخفي 10 وات 4000K - جرم اسود;داون ALUM;11.75;3
RA-F1001107;وحدة انارة داون لايت مخفي 15 وات 6500K - جرم اسود;داون ALUM;14;3
RA-F1001108;وحدة انارة داون لايت مخفي 15 وات 3000K - جرم اسود;داون ALUM;14;3
RA-F1001109;وحدة انارة داون لايت مخفي 15 وات 4000K - جرم اسود;داون ALUM;14;3
RA-F1001110;وحدة انارة داون لايت مخفي 30 وات 6500K - جرم اسود;داون ALUM;21.5;5
RA-F1001111;وحدة انارة داون لايت مخفي 30 وات 3000K - جرم اسود;داون ALUM;21.5;5
RA-F1001112;وحدة انارة داون لايت مخفي 30 وات 4000K - جرم اسود;داون ALUM;21.5;5
RA-F1001201;وحدة انارة غاطسة دوان لايت ليد 7 وات متحرك ابيض;داون ALUM;6.5;1
RA-F1001202;وحدة انارة غاطسة دوان لايت ليد 7 وات متحرك اصفر;داون ALUM;6.5;1
RA-F1001203;وحدة انارة غاطسة دوان لايت ليد 7 وات متحرك 4000K;داون ALUM;6.5;1
RA-F1001204;وحدة انارة غاطسة دوان لايت ليد 7 وات  3000  - فريم بلاستيك;داون ALUM;6.5;1
RA-F1001205;وحدة انارة غاطسة دوان لايت ليد 15وات  3000- فريم بلاستيك;داون ALUM;10;2
RA-F1002001;وحدة انارة داون لايت مخفي 7 وات HALA LIGHT 6500K;داون ALUM;8.25;2
RA-F1002002;وحدة انارة داون لايت مخفي 7 وات HALA LIGHT 3000K;داون ALUM;8.25;2
RA-F1002003;وحدة انارة داون لايت مخفي 7 وات HALA LIGHT 4000K;داون ALUM;8.25;2
RA-F1002004;وحدة انارة داون لايت مخفي 10وات HALA LIGHT 6500K;داون ALUM;11.65;3
RA-F1002005;وحدة انارة داون لايت مخفي 10وات HALA LIGHT 3000K;داون ALUM;11.65;3
RA-F1002006;وحدة انارة داون لايت مخفي 10وات HALA LIGHT 4000K;داون ALUM;11.65;3
RA-F1002007;وحدة انارة داون لايت مخفي 15وات HALA LIGHT 6500K;داون ALUM;14;3
RA-F1002008;وحدة انارة داون لايت مخفي 15وات HALA LIGHT 3000K;داون ALUM;14;3
RA-F1002009;وحدة انارة داون لايت مخفي 15وات HALA LIGHT 4000K;داون ALUM;14;3
RA-F1002010;وحدة انارة داون لايت مخفي 30 وات HALA LIGHT 6500K;داون ALUM;21.5;5
RA-F1002011;وحدة انارة داون لايت مخفي 30 وات HALA LIGHT 3000K;داون ALUM;21.5;5
RA-F1002012;وحدة انارة داون لايت مخفي 30 وات HALA LIGHT 4000K;داون ALUM;21.5;5
RA-F1003001;وحدة انارة داون لايت بلاستيك مخفي 7 وات - ابيض 6500K الرائد;داون PLS;3.5;1
RA-F1003002;وحدة انارة داون لايت بلاستيك مخفي 7 وات - اصفر 3000K الرائد;داون PLS;3.5;1
RA-F1003003;وحدة انارة داون لايت بلاستيك مخفي 7 وات -شمسي 4000K الرائد;داون PLS;3.5;1
RA-F1003004;وحدة انارة داون لايت بلاستيك مخفي 10 وات - ابيض 6500K الرائد;داون PLS;4;1
RA-F1003005;وحدة انارة داون لايت بلاستيك مخفي 10 وات - اصفر 3000K الرائد;داون PLS;4;1
RA-F1003006;وحدة انارة داون لايت بلاستيك مخفي 10 وات - شمسي 4000K الرائد;داون PLS;4;1
RA-F1003007;وحدة انارة داون لايت بلاستيك مخفي 15 وات - ابيض 6500K الرائد;داون PLS;6;1
RA-F1003008;وحدة انارة داون لايت بلاستيك مخفي 15 وات - اصفر 3000K الرائد;داون PLS;6;1
RA-F1003009;وحدة انارة داون لايت بلاستيك مخفي 15 وات - شمسي 4000K الرائد;داون PLS;6;1
RA-F1003010;وحدة انارة داون لايت بلاستيك مخفي 24 وات - ابيض 6500K الرائد;داون PLS;10;2
RA-F1003011;وحدة انارة داون لايت بلاستيك مخفي 24 وات - اصفر 3000K الرائد;داون PLS;10;2
RA-F1003012;وحدة انارة داون لايت بلاستيك مخفي 24 وات - شمسي 4000K الرائد;داون PLS;10;2
RA-F1003101;وحدة انارة داون لايت بلاستيك مخفي 7 وات الرائد- ابيض 6500k- جرم اسود;داون PLS;3.5;1
RA-F1003102;وحدة انارة داون لايت بلاستيك مخفي 7 وات الرائد- اصفر 3000k- جرم اسود;داون PLS;3.5;1
RA-F1003103;وحدة انارة داون لايت بلاستيك مخفي 7 وات الرائد - شمسي 4000k- جرم اسود;داون PLS;3.5;1
RA-F1003104;وحدة انارة داون لايت بلاستيك مخفي 10 وات الرائد- ابيض 6500k- جرم اسود;داون PLS;4;1
RA-F1003105;وحدة انارة داون لايت بلاستيك مخفي 10 وات الرائد- اصفر 3000k- جرم اسود;داون PLS;4;1
RA-F1003106;وحدة انارة داون لايت بلاستيك مخفي 10 وات الرائد- شمسي 4000k- جرم اسود;داون PLS;4;1
RA-F1003107;وحدة انارة داون لايت بلاستيك مخفي 15 وات الرائد- ابيض 6500k- جرم اسود;داون PLS;6;1
RA-F1003108;وحدة انارة داون لايت بلاستيك مخفي 15 وات الرائد- اصفر 3000k- جرم اسود;داون PLS;6;1
RA-F1003109;وحدة انارة داون لايت بلاستيك مخفي 15 وات الرائد- شمسي 4000k- جرم اسود;داون PLS;6;1
RA-F1003110;وحدة انارة داون لايت بلاستيك مخفي 24 وات الرائد- ابيض 6500k- جرم اسود;داون PLS;10;2
RA-F1003111;وحدة انارة داون لايت بلاستيك مخفي 24 وات الرائد- اصفر 3000k- جرم اسود;داون PLS;10;2
RA-F1003112;وحدة انارة داون لايت بلاستيك مخفي 24 وات الرائد- شمسي 4000k- جرم اسود;داون PLS;10;2
RA-F1003201;وحدة انارة داون لايت بلاستيك مخفي 7 وات ثلاث الوان  -  3 CCT;داون PLS;3.5;1
RA-F1003202;وحدة انارة داون لايت بلاستيك مخفي 10 وات ثلاث الوان  -  3 CCT;داون PLS;4;1
RA-F1003203;وحدة انارة داون لايت بلاستيك مخفي 15 وات ثلاث الوان  -  3 CCT;داون PLS;6;1
RA-F1003204;وحدة انارة داون لايت بلاستيك مخفي 24 وات ثلاث الوان  -  3 CCT;داون PLS;10;2
RA-F1004001;وحدة انارة غاطسة دوان لايت ليد 8 وات ابيض - جرم حديد;داون حديد;4.25;1
RA-F1004002;وحدة انارة غاطسة دوان لايت ليد 8 وات اصفر - جرم حديد;داون حديد;4.25;1
RA-F1004003;وحدة انارة غاطسة دوان لايت ليد 8 وات شمسي - جرم حديد;داون حديد;4.25;1
RA-F1004004;وحدة انارة غاطسة دوان لايت ليد 12وات ابيض - جرم حديد;داون حديد;5.75;1
RA-F1004005;وحدة انارة غاطسة دوان لايت ليد 12وات اصفر - جرم حديد;داون حديد;5.75;1
RA-F1004006;وحدة انارة غاطسة دوان لايت ليد 12وات شمسي - جرم حديد;داون حديد;5.75;1
RA-F1004007;وحدة انارة غاطسة دوان لايت ليد 24وات ابيض - جرم حديد;داون حديد;9.5;2
RA-F1004008;وحدة انارة غاطسة دوان لايت ليد 24وات اصفر - جرم حديد;داون حديد;9.5;2
RA-F1004009;وحدة انارة غاطسة دوان لايت ليد 24وات شمسي - جرم حديد;داون حديد;9.5;2
RA-F1004010;وحدة انارة غاطسة دوان لايت ليد 30وات ابيض - جرم حديد;داون حديد;14.5;3
RA-F1004011;وحدة انارة غاطسة دوان لايت ليد 30وات اصفر - جرم حديد;داون حديد;14.5;3
RA-F1004012;وحدة انارة غاطسة دوان لايت ليد 30وات شمسي - جرم حديد;داون حديد;14.5;3
RA-F1004101;وحدة انارة ظاهرة دوان لايت ليد 8وات ابيض - جرم حديد;داون حديد;7.75;2
RA-F1004104;وحدة انارة ظاهرة دوان لايت ليد 12وات ابيض - جرم حديد;داون حديد;9.5;2
RA-F1004107;وحدة انارة ظاهرة دوان لايت ليد 24وات ابيض - جرم حديد;داون حديد;13.25;3
RA-F1004108;وحدة انارة ظاهرة دوان لايت ليد 24وات اصفر - جرم حديد;داون حديد;13.25;3
RA-F1004110;وحدة انارة ظاهرة دوان لايت ليد 30وات ابيض - جرم حديد;داون حديد;19;5
RA-F1004111;وحدة انارة ظاهرة دوان لايت ليد 30وات اصفر - جرم حديد;داون حديد;19;5
RA-F1004201;جرم اسود وحدة انارة غاطسة دوان لايت ليد 8 وات ابيض - جرم حديد;داون حديد;5;1
RA-F1004202;جرم اسود وحدة انارة غاطسة دوان لايت ليد 8 وات اصفر - جرم حديد;داون حديد;5;1
RA-F1004203;جرم اسود وحدة انارة غاطسة دوان لايت ليد 8 وات شمسي - جرم حديد;داون حديد;5;1
RA-F1004204;جرم اسود وحدة انارة غاطسة دوان لايت ليد 12وات ابيض - جرم حديد;داون حديد;6.25;1
RA-F1004205;جرم اسود وحدة انارة غاطسة دوان لايت ليد 12وات اصفر - جرم حديد;داون حديد;6.25;1
RA-F1004206;جرم اسود وحدة انارة غاطسة دوان لايت ليد 12وات شمسي - جرم حديد;داون حديد;6.25;1
RA-F1004207;جرم اسود وحدة انارة غاطسة دوان لايت ليد 24وات ابيض - جرم حديد;داون حديد;10;2
RA-F1004208;جرم اسود وحدة انارة غاطسة دوان لايت ليد 24وات اصفر - جرم حديد;داون حديد;10;2
RA-F1004209;جرم اسود وحدة انارة غاطسة دوان لايت ليد 24وات شمسي - جرم حديد;داون حديد;10;2
RA-F1004210;جرم اسود وحدة انارة غاطسة دوان لايت ليد 30وات ابيض - جرم حديد;داون حديد;15.25;4
RA-F1004211;جرم اسود وحدة انارة غاطسة دوان لايت ليد 30وات اصفر - جرم حديد;داون حديد;15.25;4
RA-F1004212;جرم اسود وحدة انارة غاطسة دوان لايت ليد 30وات شمسي - جرم حديد;داون حديد;15.25;4
RA-F1004301;جرم اسود وحدة انارة ظاهرة دوان لايت ليد 8وات ابيض - جرم حديد;داون حديد;8;2
RA-F1004304;جرم اسود وحدة انارة ظاهرة دوان لايت ليد 12وات ابيض - جرم حديد;داون حديد;10;2
RA-F1004307;جرم اسود وحدة انارة ظاهرة دوان لايت ليد 24وات ابيض - جرم حديد;داون حديد;14;3
RA-F1004308;جرم اسود وحدة انارة ظاهرة دوان لايت ليد 24وات اصفر - جرم حديد;داون حديد;14;3
RA-F1004310;جرم اسود وحدة انارة ظاهرة دوان لايت ليد 30وات ابيض - جرم حديد;داون حديد;20;5
RA-F1004311;جرم اسود وحدة انارة ظاهرة دوان لايت ليد 30وات اصفر - جرم حديد;داون حديد;20;5
RA-F1011001;وحدة انارة داون لايت ظاهر 15 وات ابيض -  6500K;داون ALUM;10.5;2
RA-F1011002;وحدة انارة داون لايت ظاهر 15 وات اصفر -  3000K;داون ALUM;10.5;2
RA-F1011003;وحدة انارة داون لايت ظاهر 18 وات ابيض -  6500K;داون ALUM;15.5;4
RA-F1011004;وحدة انارة داون لايت ظاهر 18 وات اصفر -  3000K;داون ALUM;15.5;4
RA-F1011005;وحدة انارة داون لايت ظاهر 28 وات ابيض -  6500K;داون ALUM;23;6
RA-F1011006;وحدة انارة داون لايت ظاهر 28 وات اصفر -  3000K;داون ALUM;23;6
RA-F1011007;وحدة انارة داون لايت ظاهر 30 وات ابيض -  6500K;داون ALUM;19;5
RA-F1011008;وحدة انارة داون لايت ظاهر 30 وات اصفر -  3000K;داون ALUM;19;5
RA-F1011009;وحدة انارة داون لايت ظاهر 30 وات شمسي -  4000K;داون ALUM;19;5
RA-F1011010;وحدة انارة داون لايت ظاهر 40 وات ابيض -  6500K;داون ALUM;28.5;7
RA-F1011011;وحدة انارة داون لايت ظاهر 40 وات اصفر -  3000K;داون ALUM;28.5;7
RA-F1011012;وحدة انارة داون لايت ظاهر 40 وات شمسي -  4000K;داون ALUM;28.5;7
RA-F1011013;وحدة انارة داون لايت ظاهر 45 وات ابيض -  6500K;داون ALUM;38;10
RA-F1011014;وحدة انارة داون لايت ظاهر 45 وات اصفر -  3000K;داون ALUM;38;10
RA-F1011101;وحدة انارة ظاهر دوان لايت ليد 15وات 6500K - جرم اسود;داون ALUM;11.6;3
RA-F1011102;وحدة انارة ظاهر دوان لايت ليد 15وات 3000K - جرم اسود;داون ALUM;11.6;3
RA-F1011103;وحدة انارة ظاهر دوان لايت ليد 15وات 4000K - جرم اسود;داون ALUM;11.6;3
RA-F1011104;وحدة انارة ظاهر دوان لايت ليد 30وات 6500K - جرم اسود;داون ALUM;21.5;5
RA-F1011105;وحدة انارة ظاهر دوان لايت ليد 30وات 3000K - جرم اسود;داون ALUM;21.5;5
RA-F1011106;وحدة انارة ظاهر دوان لايت ليد 30وات 4000K - جرم اسود;داون ALUM;21.5;5
RA-F1011107;وحدة انارة ظاهر دوان لايت ليد 40وات 6500K - جرم اسود;داون ALUM;30.8;8
RA-F1011108;وحدة انارة ظاهر دوان لايت ليد 40وات 3000K - جرم اسود;داون ALUM;30.8;8
RA-F1011109;وحدة انارة ظاهر دوان لايت ليد 40وات 4000K - جرم اسود;داون ALUM;30.8;8
RA-F1012001;وحدة انارة دوان لايت ظاهر  15وات ابيض 6500 HALA LIGHT;داون ALUM;14;3
RA-F1012002;وحدة انارة  دوان لايت ظاهر 15وات اصفر 3000 HALA LIGHT;داون ALUM;14;3
RA-F1012003;وحدة انارة  دوان لايت ظاهر 15وات شمسي 4000 HALA LIGHT;داون ALUM;14;3
RA-F1012004;وحدة انارة  دوان لايت ظاهر 30 وات ابيض 6500 HALA LIGHT;داون ALUM;21.5;5
RA-F1012005;وحدة انارة  دوان لايت ظاهر 30 وات اصفر 3000 HALA LIGHT;داون ALUM;21.5;5
RA-F1012006;وحدة انارة  دوان لايت ظاهر 30 وات شمسي 4000 HALA LIGHT;داون ALUM;21.5;5
RA-F1501001;مفتاح مفرد ابيض عادي RV-VIB-11;افياش RV;3.2;1
RA-F1501002;مفتاح مفرد ابيض دركسيون عادي RV-VIB-12;افياش RV;3.2;1
RA-F1501003;مفتاح مفرد متوسط دركسيون ابيض عادي RV-VIB-13;افياش RV;4.9;1
RA-F1501004;مفتاح مجوز ابيض عاديRV-VIB-21;افياش RV;4.9;1
RA-F1501005;مفتاح مجوز ابيض دركسيون عادي RV-VIB-22;افياش RV;4.9;1
RA-F1501006;مفتاح ثلاثي ابيض عاديRV-VIB-31;افياش RV;8.1;2
RA-F1501007;مفتاح ثلاثي دركسيون ابيض عادي RV-VIB-32;افياش RV;8.8;2
RA-F1501008;مفتاح رباعي ابيض عادي RV-VIB-41;افياش RV;8.1;2
RA-F1501009;مفتاح رباعي دركسيون ابيض عادي RV-VIB-42;افياش RV;8.1;2
RA-F1501010;مفتاح رباعي ابيض 7*14 عادي RV-VIB-411;افياش RV;11.5;3
RA-F1501011;مفتاح جرس ابيض عادي RV-VIB-14;افياش RV;3.9;1
RA-F1501012;مفتاح سخان ابيض عادي RV-VIB-20;افياش RV;9.9;2
RA-F1501013;فيش 13 امبير ابيض عادي RV-VIB-33;افياش RV;5.25;1
RA-F1501014;فيش 13 امبير ابيض مع USB عادي RV-VIB-13USB;افياش RV;17.8;4
RA-F1501015;فيش 13 امبير مجوز عادي RV-VIB-53;افياش RV;12.2;3
RA-F1501016;فيش دش ابيض عادي RV-VIB-64;افياش RV;7.4;2
RA-F1501017;فيش تليفون ابيض عادي RV-VIB-48;افياش RV;5.25;1
RA-F1501018;فيش كمبيوتر ابيض عادي RV-VIB-58;افياش RV;12.35;3
RA-F1501019;فيش كمبيوتر ابيض  CAT-6  RV-VIB -58;افياش RV;12.35;3
RA-F1501020;مفتاح مكيف 7*7 ابيض عادي RV-VIB-74;افياش RV;13.9;3
RA-F1501021;مفتاح مكيف 7*14 ابيض عادي RV-VIB-72;افياش RV;16.25;4
RA-F1501022;غطاء تسكيرة 7 × 7 RV-VIB-01;افياش RV;1.9;1
RA-F1501023;غطاء تسكيرة 7 × 14 RV-VIB-02;افياش RV;2.45;1
RA-F1501024;توصيلة مكيف ابيض عادي RV-VIB-45;افياش RV;11.5;3
RA-F1501025;مفتاح ديمر ابيض عادي RV-VIB- 89;افياش RV;16.9;4
RA-F1501026;فيش 13 امبير ابيض مع USB-TYPE-C عادي RV-VIB-USB33;افياش RV;17.65;4
RA-F1501101;مفتاح مفرد بيج عادي RV-VIB-11;افياش RV;3.2;1
RA-F1501102;مفتاح مفرد بيج دركسيون عادي RV-VIB-12;افياش RV;4;1
RA-F1501103;مفتاح مفرد متوسط دركسيون بيج عادي RV-VIB-13;افياش RV;4.9;1
RA-F1501104;مفتاح مجوز بيج عاديRV-VIB-21;افياش RV;4.9;1
RA-F1501105;مفتاح مجوز بيج دركسيون عادي RV-VIB-22;افياش RV;4.9;1
RA-F1501106;مفتاح ثلاثي بيج عاديRV-VIB-31;افياش RV;8.1;2
RA-F1501107;مفتاح ثلاثي دريكسون بيج عادي RV-VIB-32;افياش RV;8.8;2
RA-F1501108;مفتاح رباعي بيج عادي RV-VIB-41;افياش RV;8.1;2
RA-F1501109;مفتاح رباعي بيج 7*14 عادي RV-VIB-411;افياش RV;11.5;3
RA-F1501110;مفتاح جرس بيج عادي RV-VIB-14;افياش RV;3.9;1
RA-F1501111;مفتاح سخان بيج عادي RV-VIB-20;افياش RV;9.9;2
RA-F1501112;فيش 13 امبير بيج عادي RV-VIB-33;افياش RV;5.25;1
RA-F1501113;فيش 13 امبير بيج مع USB عادي RV-VIB-USB33;افياش RV;17.8;4
RA-F1501114;فيش 13 امبير مجوز بيج عادي RV-VIB-53;افياش RV;12.2;3
RA-F1501115;فيش تليفون بيج عادي RV-VIB-48;افياش RV;5.25;1
RA-F1501116;فيش كمبيوتر بيج عادي RV-VIB-58;افياش RV;12.35;3
RA-F1501117;فيش دش بيج عادي RV-VIB-64;افياش RV;7.4;2
RA-F1501118;مفتاح مكيف 7*7 بيج عادي RV-VIB-74;افياش RV;13.9;3
RA-F1501119;مفتاح مكيف 7*14 بيج عادي RV-VIB-72;افياش RV;16.25;4
RA-F1501120;غطاء تسكيرة بيج  7 × 7 RV-VIB-01;افياش RV;2.3;1
RA-F1501121;توصيلة مكيف بيج عادي RV-VIB-45;افياش RV;11.5;3
RA-F1501122;غطاء تسكيرة بيج  7 × 14 RV-VIB-02;افياش RV;2.45;1
RA-F1501123;مفتاح ديمر بيج عادي RV-VIB- 89;افياش RV;28.6;7
RA-F1502001;مفتاح مفرد ابيض عريض EFQ-301;افياش RV;4.6;1
RA-F1502002;مفتاح دركسيون مفرد ابيض عريض EFQ-302;افياش RV;5.25;1
RA-F1502003;مفتاح متوسط دركسيون ابيض عريض EFQ-313;افياش RV;5.8;1
RA-F1502004;مفتاح مجوز ابيض عريض EFQ-303;افياش RV;6.2;1
RA-F1502005;مفتاح دركسيون مجوز ابيض عريض EFQ-304;افياش RV;7;1
RA-F1502006;مفتاح ثلاثي ابيض عريض EFQ-305;افياش RV;8.5;2
RA-F1502007;مفتاح دركسيون ثلاثي ابيض عريض EFQ-306;افياش RV;9.2;2
RA-F1502008;مفتاح رباعي ابيض عريض EFQ-363;افياش RV;11.5;3
RA-F1502009;مفتاح سخان ابيض عريض EFQ-324;افياش RV;12.7;3
RA-F1502010;فيش 13 امبير ابيض عريض EFQ-411;افياش RV;7;1
RA-F1502011;فيش 13 امبير مع USB عريض EFQ-456;افياش RV;24;6
RA-F1502012;فيش مجوز 13 امبير عريض EFQ-412;افياش RV;14.8;4
RA-F1502013;مفتاح مكيف 7*7 ابيض عريض EFQ-327;افياش RV;14.8;4
RA-F1502014;مفتاح مكيف 7*14 ابيض عريض EFQ-329;افياش RV;16.9;4
RA-F1502015;مفتاح جرس ابيض عريض EFQ-317;افياش RV;5.25;1
RA-F1502016;فيش كمبيوتر ابيض عريض EFQ-442;افياش RV;19.4;5
RA-F1502017;فيش تليفون ابيض عريض EFQ-452;افياش RV;6.5;1
RA-F1502018;فيش دش ابيض عريض EFQ-165;افياش RV;10;2
RA-F1502019;غطاء تسكيرة 7*7 ابيض عريض EFQ-401;افياش RV;1.9;1
RA-F1502020;غطاء تسكيرة 7*14 ابيض عريض EFQ-402;افياش RV;3.9;1
RA-F1502021;توصيلة مكيف ابيض عريض EFQ-821;افياش RV;15.5;4
RA-F1503101;مفتاح مفرد ابيض RV-R1W-11;افياشR1-T9;3.2;1
RA-F1503102;مفتاح مفرد دركسيون ابيض  RV-R1W-12;افياشR1-T9;3.2;1
RA-F1503103;مفتاح مفرد متوسط دركسيون ابيض RV-R1W-13;افياشR1-T9;4.9;1
RA-F1503104;مفتاح مجوز ابيض RV-R1W-21;افياشR1-T9;4.9;1
RA-F1503105;مفتاح مجوز دركسيون ابيض RV-R1W-22;افياشR1-T9;4.9;1
RA-F1503106;مفتاح ثلاثي ابيض RV-R1W-31;افياشR1-T9;8.1;2
RA-F1503107;مفتاح ثلاثي دريكسون ابيض RV-R1W-32;افياشR1-T9;8.8;2
RA-F1503108;مفتاح رباعي ابيض RV-R1W-41;افياشR1-T9;8.1;2
RA-F1503110;مفتاح رباعي دركسيون ابيض RV-R1W-42;افياشR1-T9;8.1;2
RA-F1503111;فيش 13 امبير ابيض RV-R1W-33;افياشR1-T9;5.25;1
RA-F1503112;فيش 13 امبير مع USB ابيض RV-R1W-13USB;افياشR1-T9;16.25;4
RA-F1503113;فيش 13 امبير مجوز ابيض RV-R1W-53;افياشR1-T9;12.2;3
RA-F1503114;مفتاح جرس ابيض RV-R1W-14;افياشR1-T9;3.9;1
RA-F1503115;مفتاح سخان ابيض RV-R1W-20;افياشR1-T9;9.9;2
RA-F1503116;فيش تليفون ابيض RV-R1W-48;افياشR1-T9;5.25;1
RA-F1503117;فيش كمبيوتر ابيض RV-R1W-58;افياشR1-T9;9.9;2
RA-F1503118;فيش كمبيوتر ابيض  CAT-6  RV-R1W-58;افياشR1-T9;9.9;2
RA-F1503119;فيش دش ابيض RV-R1W-64;افياشR1-T9;7.4;2
RA-F1503120;مفتاح مكيف 7*7 ابيض RV-R1W-74;افياشR1-T9;13.9;3
RA-F1503121;مفتاح مكيف 7*14 ابيض RV-R1W-72;افياشR1-T9;16.25;4
RA-F1503122;غطاء تسكيرة 7 ×7 ابيض RV-R1W-01;افياشR1-T9;1.9;1
RA-F1503123;غطاء تسكيرة 7 × 14 ابيض RV-R1W-02;افياشR1-T9;2.45;1
RA-F1503124;توصيلة مكيف ابيض RV-R1W-45;افياشR1-T9;11.5;3
RA-F1503125;مفتاح UP/DOWN ابيض RV-R1W - 88;افياشR1-T9;8.5;2
RA-F1503126;مفتاح SENSOR ابيض 80 RV-R1W -;افياشR1-T9;22.6;6
RA-F1503127;فيش 13 امبير مع USB ابيض RV-R1W-13USB -TYPE;افياشR1-T9;17.65;4
RA-F1503201;مفتاح مفرد اسود RV-R1B-11;افياشR1-T9;4;1
RA-F1503202;مفتاح مفرد دركسيون اسود RV-R1B-12;افياشR1-T9;4;1
RA-F1503203;مفتاح مفرد متوسط دركسيون اسود RV-R1B-13;افياشR1-T9;6;1
RA-F1503204;مفتاح مجوز اسود RV-R1B-21;افياشR1-T9;6;1
RA-F1503205;مفتاح مجوز دركسيون اسود RV-R1B-22;افياشR1-T9;6;1
RA-F1503206;مفتاح ثلاثي اسود RV-R1B-31;افياشR1-T9;10.25;2
RA-F1503207;مفتاح ثلاثي دريكسون اسود RV-R1B-32;افياشR1-T9;10.9;2
RA-F1503208;مفتاح رباعي اسود RV-R1B-41;افياشR1-T9;10.25;2
RA-F1503210;مفتاح رباعي دركسيون اسود RV-R1B-42;افياشR1-T9;10.25;2
RA-F1503211;فيش 13 امبير اسود RV-R1B-33;افياشR1-T9;6.7;1
RA-F1503212;فيش 13 امبير مع USB اسود  RV-R1B-13USB;افياشR1-T9;16.25;4
RA-F1503213;فيش 13 امبير مجوز اسود RV-R1B-53;افياشR1-T9;15.5;4
RA-F1503214;مفتاح جرس اسود RV-R1B-14;افياشR1-T9;4.75;1
RA-F1503215;مفتاح سخان اسود RV-R1B-20;افياشR1-T9;12.2;3
RA-F1503216;فيش تليفون اسود RV-R1B-48;افياشR1-T9;6.7;1
RA-F1503217;فيش كمبيوتر اسود RV-R1B-58;افياشR1-T9;12;3
RA-F1503218;فيش دش اسود RV-R1B-64;افياشR1-T9;9.5;2
RA-F1503219;مفتاح مكيف 7*7 اسود RV-R1B-74;افياشR1-T9;17.5;4
RA-F1503220;مفتاح مكيف 7*14 اسود RV-R1B-72;افياشR1-T9;20.1;5
RA-F1503221;غطاء تسكيرة 7 ×7 اسود RV-R1B-01;افياشR1-T9;2.65;1
RA-F1503222;غطاء تسكيرة 7 × 14 اسود RV-R1B-02;افياشR1-T9;3.35;1
RA-F1503223;توصيلة مكيف اسود RV-R1B-45;افياشR1-T9;14.1;3
RA-F1503224;فيش كمبيوتر اسود  CAT-6   RV-R1B-58;افياشR1-T9;12.2;3
RA-F1503225;مفتاح UP/DOWN اسود -RV-R1B - 88;افياشR1-T9;10;2
RA-F1503226;مفتاح SENSOR اسود 80 RV-R1B -;افياشR1-T9;24.15;6
RA-F1503227;فيش 13 امبير مع USB اسود  RV-R1B-13USB -TYPE;افياشR1-T9;18.35;5
RA-F1503301;مفتاح مفرد رصاصي RV-R1GR-11;افياشR1-T9;4;1
RA-F1503302;مفتاح مفرد دركسيون رصاصي RV-R1GR-12;افياشR1-T9;4;1
RA-F1503303;مفتاح مفرد متوسط دركسيون رصاصي RV-R1GR-13;افياشR1-T9;6;1
RA-F1503304;مفتاح مجوز رصاصي RV-R1GR-21;افياشR1-T9;6;1
RA-F1503305;مفتاح مجوز دركسيون رصاصي RV-R1GR-22;افياشR1-T9;6;1
RA-F1503306;مفتاح ثلاثي رصاصي RV-R1GR-31;افياشR1-T9;10.25;2
RA-F1503307;مفتاح ثلاثي دريكسون رصاصي RV-R1GR-32;افياشR1-T9;10.9;2
RA-F1503308;مفتاح رباعي رصاصي RV-R1GR-41;افياشR1-T9;10.25;2
RA-F1503310;مفتاح رباعي دركسيون رصاصي RV-R1GR-42;افياشR1-T9;10.25;2
RA-F1503311;فيش 13 امبير رصاصي RV-R1GR-33;افياشR1-T9;6.7;1
RA-F1503312;فيش 13 امبير مع USB رصاصي RV-R1GR-13USB;افياشR1-T9;16.25;4
RA-F1503313;فيش 13 امبير مجوز رصاصي RV-R1GR-53;افياشR1-T9;15.5;4
RA-F1503314;مفتاح جرس رصاصي RV-R1GR-14;افياشR1-T9;4.75;1
RA-F1503315;مفتاح سخان رصاصي RV-R1GR-20;افياشR1-T9;12.2;3
RA-F1503316;فيش تليفون رصاصي RV-R1GR-48;افياشR1-T9;6.7;1
RA-F1503317;فيش كمبيوتر رصاصي RV-R1GR-58;افياشR1-T9;12;3
RA-F1503318;فيش دش رصاصي RV-R1GR-64;افياشR1-T9;9.5;2
RA-F1503319;مفتاح مكيف 7*7 رصاصي RV-R1GR-74;افياشR1-T9;17.5;4
RA-F1503320;مفتاح مكيف 7*14 رصاصي RV-R1GR-72;افياشR1-T9;20.1;5
RA-F1503321;غطاء تسكيرة 7 ×7 رصاصي RV-R1GR-01;افياشR1-T9;2.65;1
RA-F1503322;غطاء تسكيرة 7 × 14 رصاصي RV-R1GR-02;افياشR1-T9;3.35;1
RA-F1503323;توصيلة مكيف رصاصي RV-R1GR-45;افياشR1-T9;14.1;3
RA-F1503324;فيش كمبيوتر رصاصي CAT-  6   RV-R1GR-58;افياشR1-T9;12.2;3
RA-F1503325;مفتاح UP/DOWN رصاصي RV-R1GR-- 88;افياشR1-T9;10;2
RA-F1503326;مفتاح SENSOR رصاصي 80 RV-R1GR -;افياشR1-T9;24.15;6
RA-F1503327;فيش 13 امبير مع USB رصاصي RV-R1GR-13USB -TYPE;افياشR1-T9;18.35;5
RA-F1503401;مفتاح مفرد لؤلؤي RV-R1P-11;افياشR1-T9;4;1
RA-F1503402;مفتاح مفرد دركسيون لؤلؤي RV-R1P-12;افياشR1-T9;4;1
RA-F1503403;مفتاح مفرد متوسط دركسيون لؤلؤي RV-R1P-13;افياشR1-T9;6;1
RA-F1503404;مفتاح مجوز لؤلؤي RV-R1P-21;افياشR1-T9;6;1
RA-F1503405;مفتاح مجوز دركسيون لؤلؤي RV-R1P-22;افياشR1-T9;6;1
RA-F1503406;مفتاح ثلاثي لؤلؤي RV-R1P-31;افياشR1-T9;10.25;2
RA-F1503407;مفتاح ثلاثي دريكسون لؤلؤي RV-R1P-32;افياشR1-T9;10.9;2
RA-F1503408;مفتاح رباعي لؤلؤي RV-R1P-41;افياشR1-T9;10.25;2
RA-F1503410;مفتاح رباعي دركسيون لؤلؤي RV-R1P-42;افياشR1-T9;10.25;2
RA-F1503411;فيش 13 امبير لؤلؤي RV-R1P-33;افياشR1-T9;6.7;1
RA-F1503412;فيش 13 امبير مع USB لؤلؤي RV-R1P-13USB;افياشR1-T9;16.25;4
RA-F1503413;فيش 13 امبير مجوز لؤلؤي RV-R1P-53;افياشR1-T9;15.5;4
RA-F1503414;مفتاح جرس لؤلؤي RV-R1P-14;افياشR1-T9;4.75;1
RA-F1503415;مفتاح سخان لؤلؤي RV-R1P-20;افياشR1-T9;12.2;3
RA-F1503416;فيش تليفون لؤلؤي RV-R1P-48;افياشR1-T9;6.7;1
RA-F1503417;فيش كمبيوتر لؤلؤي RV-R1P-58;افياشR1-T9;12;3
RA-F1503418;فيش دش لؤلؤي RV-R1P-64;افياشR1-T9;9.5;2
RA-F1503419;مفتاح مكيف 7*7 لؤلؤي RV-R1P-74;افياشR1-T9;17.5;4
RA-F1503420;مفتاح مكيف 7*14 لؤلؤي RV-R1P-72;افياشR1-T9;20.1;5
RA-F1503421;غطاء تسكيرة 7 ×7 لؤلؤي RV-R1P-01;افياشR1-T9;2.65;1
RA-F1503422;غطاء تسكيرة 7 × 14 لؤلؤي RV-R1P-02;افياشR1-T9;3.35;1
RA-F1503423;توصيلة مكيف لؤلؤي RV-R1P-45;افياشR1-T9;14.1;3
RA-F1503424;فيش كمبيوتر لؤلؤي CAT-6  RV-R1P-58;افياشR1-T9;12.2;3
RA-F1503425;مفتاح UP/DOWN  لؤلؤي   RV-R1P - 88;افياشR1-T9;10;2
RA-F1503426;مفتاح SENSOR لؤلؤي 80 RV-R1P -;افياشR1-T9;24.15;6
RA-F1503427;فيش 13 امبير مع USB لؤلؤي RV-R1P-13USB -TYPE C;افياشR1-T9;18.35;5
RA-F1503501;مفتاح مفرد ذهبي RV-R1GO-11;افياشR1-T9;4;1
RA-F1503502;مفتاح مفرد دركسيون ذهبي RV-R1GO-12;افياشR1-T9;4;1
RA-F1503503;مفتاح مفرد متوسط دركسيون ذهبي RV-R1GO-13;افياشR1-T9;6;1
RA-F1503504;مفتاح مجوز ذهبي RV-R1GO-21;افياشR1-T9;6;1
RA-F1503505;مفتاح مجوز دركسيون ذهبي RV-R1GO-22;افياشR1-T9;6;1
RA-F1503506;مفتاح ثلاثي ذهبي RV-R1GO-31;افياشR1-T9;10.25;2
RA-F1503507;مفتاح ثلاثي دريكسون ذهبي RV-R1GO-32;افياشR1-T9;10.9;2
RA-F1503508;مفتاح رباعي ذهبي RV-R1GO-41;افياشR1-T9;10.25;2
RA-F1503510;مفتاح رباعي دركسيون ذهبي RV-R1GO-42;افياشR1-T9;10.25;2
RA-F1503511;فيش 13 امبير ذهبي RV-R1GO-33;افياشR1-T9;6.7;1
RA-F1503512;فيش 13 امبير مع USB ذهبي RV-R1GO-13USB;افياشR1-T9;16.25;4
RA-F1503513;فيش 13 امبير مجوز ذهبي RV-R1GO-53;افياشR1-T9;15.5;4
RA-F1503514;مفتاح جرس ذهبي RV-R1GO-14;افياشR1-T9;4.75;1
RA-F1503515;مفتاح سخان ذهبي RV-R1GO-20;افياشR1-T9;12.2;3
RA-F1503516;فيش تليفون ذهبي RV-R1GO-48;افياشR1-T9;6.7;1
RA-F1503517;فيش كمبيوتر ذهبي RV-R1GO-58;افياشR1-T9;12;3
RA-F1503518;فيش دش ذهبي RV-R1GO-64;افياشR1-T9;9.5;2
RA-F1503519;مفتاح مكيف 7*7 ذهبي RV-R1GO-74;افياشR1-T9;17.5;4
RA-F1503520;مفتاح مكيف 7*14 ذهبي RV-R1GO-72;افياشR1-T9;20.1;5
RA-F1503521;غطاء تسكيرة 7 ×7 ذهبي RV-R1GO-01;افياشR1-T9;2.65;1
RA-F1503522;غطاء تسكيرة 7 × 14 ذهبي RV-R1GO-02;افياشR1-T9;3.35;1
RA-F1503523;توصيلة مكيف ذهبي RV-R1GO-45;افياشR1-T9;14.1;3
RA-F1503524;فيش كمبيوتر ذهبي CAT-6   RV-R1GO-58;افياشR1-T9;12.2;3
RA-F1503525;مفتاح UP/DOWN ذهبي  RV-R1GO-88;افياشR1-T9;10;2
RA-F1503526;مفتاح SENSOR ذهبي 80 RV-R1GO -;افياشR1-T9;24.15;6
RA-F1503527;فيش 13 امبير مع USB ذهبي RV-R1GO-13USB -TYPE C;افياشR1-T9;18.35;5
RA-F1504101;مفتاح مفرد ابيض RV-R3W-11;افياشR1-T9;3;1
RA-F1504102;مفتاح مفرد دركسيون ابيض RV-R3W-12;افياشR1-T9;3;1
RA-F1504103;مفتاح مفرد متوسط دركسيون ابيض RV-R3W-13;افياشR1-T9;4.25;1
RA-F1504104;مفتاح مجوز ابيض RV-R3W-21;افياشR1-T9;4.25;1
RA-F1504105;مفتاح مجوز دركسيون ابيض RV-R3W-22;افياشR1-T9;4.25;1
RA-F1504106;مفتاح ثلاثي ابيض RV-R3W-31;افياشR1-T9;7.4;2
RA-F1504107;مفتاح ثلاثي دريكسون ابيض RV-R3W-32;افياشR1-T9;7.75;2
RA-F1504108;مفتاح رباعي ابيض RV-R3W-41;افياشR1-T9;7.4;2
RA-F1504109;مفتاح رباعي دركسيون ابيض RV-R3W-42;افياشR1-T9;7.75;2
RA-F1504110;مفتاح جرس ابيض RV-R3W-14;افياشR1-T9;3.5;1
RA-F1504111;مفتاح سخان ابيض RV-R3W-20;افياشR1-T9;8.8;2
RA-F1504112;فيش 13 امبير ابيض RV-R3W-33;افياشR1-T9;5.25;1
RA-F1504113;فيش 13 امبير مع USB ابيض  RV-R3W-13USB;افياشR1-T9;16.9;4
RA-F1504114;فيش 13 امبير مجوز ابيض RV-R3W-53;افياشR1-T9;11.25;3
RA-F1504115;فيش دش ابيض RV-R3W-64;افياشR1-T9;6.35;1
RA-F1504116;فيش تليفون ابيض RV-R3W-48;افياشR1-T9;4.6;1
RA-F1504117;فيش كمبيوتر ابيض RV-R3W-58;افياشR1-T9;10.6;2
RA-F1504118;فيش كمبيوتر CAT6 ابيض RV-R3W-58;افياشR1-T9;10.6;2
RA-F1504119;مفتاح مكيف 7*7 ابيض RV-R3W-74;افياشR1-T9;12.7;3
RA-F1504120;مفتاح مكيف 7*14 ابيض RV-R3W-72;افياشR1-T9;14.1;3
RA-F1504121;غطاء تسكيرة 7 ×7 ابيض RV-R3W-01;افياشR1-T9;1.5;1
RA-F1504122;غطاء تسكيرة 7 × 14 ابيض  RV-R3W-02;افياشR1-T9;2.3;1
RA-F1504123;توصيلة مكيف ابيض  RV-R3W-45;افياشR1-T9;9.9;2
RA-F1504124;مفتاح SENSOR ابيض RV-R3W-80;افياشR1-T9;22.6;6
RA-F1504125;مفتاح UP/DOWN ابيض RV-R3W-88;افياشR1-T9;9.9;2
RA-F1504126;فيش 13 امبير مع USB ابيض  RV-R3W-13USB -TYPE C;افياشR1-T9;16.9;4
RA-F1504201;مفتاح مفرد اسود RV-R3B-11;افياشR1-T9;3.2;1
RA-F1504202;مفتاح مفرد دركسيون اسود RV-R3B-12;افياشR1-T9;3.2;1
RA-F1504203;مفتاح مفرد متوسط دركسيون اسود RV-R3B-13;افياشR1-T9;4.6;1
RA-F1504204;مفتاح مجوز اسود RV-R3B-21;افياشR1-T9;4.6;1
RA-F1504205;مفتاح مجوز دركسيون اسود RV-R3B-22;افياشR1-T9;4.6;1
RA-F1504206;مفتاح ثلاثي اسود RV-R3B-31;افياشR1-T9;7.75;2
RA-F1504207;مفتاح ثلاثي دريكسون اسود RV-R3B-32;افياشR1-T9;8.1;2
RA-F1504208;مفتاح رباعي اسود RV-R3B-41;افياشR1-T9;7.75;2
RA-F1504209;مفتاح رباعي دركسيون اسود RV-R3B-42;افياشR1-T9;8.1;2
RA-F1504210;مفتاح جرس اسود RV-R3B-14;افياشR1-T9;3.9;1
RA-F1504211;مفتاح سخان اسود RV-R3B-20;افياشR1-T9;9.2;2
RA-F1504212;فيش 13 امبير اسود RV-R3B-33;افياشR1-T9;5.65;1
RA-F1504213;فيش 13 امبير مع USB اسود  RV-R3B-13USB;افياشR1-T9;17.65;4
RA-F1504214;فيش 13 امبير مجوز اسود RV-R3B-53;افياشR1-T9;11.5;3
RA-F1504215;فيش دش اسود RV-R3B-64;افياشR1-T9;7;1
RA-F1504216;فيش تليفون اسود RV-R3B-48;افياشR1-T9;5.25;1
RA-F1504217;فيش كمبيوتر اسود RV-R3B-58;افياشR1-T9;11.25;3
RA-F1504218;فيش كمبيوتر CAT6 اسود RV-R3B-58;افياشR1-T9;12;3
RA-F1504219;مفتاح مكيف 7*7 اسود RV-R3B-74;افياشR1-T9;14.1;3
RA-F1504220;مفتاح مكيف 7*14 اسود RV-R3B-72;افياشR1-T9;15.5;4
RA-F1504221;غطاء تسكيرة 7 ×7 اسود RV-R3B-01;افياشR1-T9;1.7;1
RA-F1504222;غطاء تسكيرة 7 × 14 اسود  RV-R3B-02;افياشR1-T9;2.45;1
RA-F1504223;توصيلة مكيف اسود  RV-R3B-45;افياشR1-T9;11.25;3
RA-F1504224;مفتاح SENSOR اسود RV-R3B-80;افياشR1-T9;24;6
RA-F1504225;مفتاح UP/DOWN اسود RV-R3B-88;افياشR1-T9;10.6;2
RA-F1504226;فيش 13 امبير مع USB اسود  RV-R3B-13USB -TYPE C;افياشR1-T9;18.35;5
RA-F1504301;مفتاح مفرد رصاصي RV-R3GR-11;افياشR1-T9;3.2;1
RA-F1504302;مفتاح مفرد دركسيون رصاصي RV-R3GR-12;افياشR1-T9;3.2;1
RA-F1504303;مفتاح مفرد متوسط دركسيون رصاصي RV-R3GR-13;افياشR1-T9;4.6;1
RA-F1504304;مفتاح مجوز رصاصي  RV-R3GR-21;افياشR1-T9;4.6;1
RA-F1504305;مفتاح مجوز دركسيون رصاصي RV-R3GR-22;افياشR1-T9;4.6;1
RA-F1504306;مفتاح ثلاثي رصاصي RV-R3GR-31;افياشR1-T9;7.75;2
RA-F1504307;مفتاح ثلاثي دريكسون رصاصي RV-R3GR-32;افياشR1-T9;8.1;2
RA-F1504308;مفتاح رباعي رصاصي RV-R3GR-41;افياشR1-T9;7.75;2
RA-F1504309;مفتاح رباعي دركسيون رصاصي RV-R3GR-42;افياشR1-T9;8.1;2
RA-F1504310;مفتاح جرس رصاصي RV-R3GR-14;افياشR1-T9;3.9;1
RA-F1504311;مفتاح سخان رصاصي RV-R3GR-20;افياشR1-T9;9.2;2
RA-F1504312;فيش 13 امبير رصاصي RV-R3GR-33;افياشR1-T9;5.65;1
RA-F1504313;فيش 13 امبير مع USB رصاصي  RV-R3GR-13USB;افياشR1-T9;17.65;4
RA-F1504314;فيش 13 امبير مجوز رصاصي RV-R3GR-53;افياشR1-T9;11.5;3
RA-F1504315;فيش دش رصاصي RV-R3GR-64;افياشR1-T9;7;1
RA-F1504316;فيش تليفون رصاصي RV-R3GR-48;افياشR1-T9;5.25;1
RA-F1504317;فيش كمبيوتر رصاصي RV-R3GR-58;افياشR1-T9;11.25;3
RA-F1504318;فيش كمبيوتر CAT6 رصاصي RV-R3GR-58;افياشR1-T9;12;3
RA-F1504319;مفتاح مكيف 7*7 رصاصي RV-R3GR-74;افياشR1-T9;14.1;3
RA-F1504320;مفتاح مكيف 7*14 رصاصي RV-R3GR-72;افياشR1-T9;15.5;4
RA-F1504321;غطاء تسكيرة 7 ×7 رصاصي RV-R3GR-01;افياشR1-T9;1.7;1
RA-F1504322;غطاء تسكيرة 7 × 14 رصاصي  RV-R3GR-02;افياشR1-T9;2.45;1
RA-F1504323;توصيلة مكيف رصاصي  RV-R3GR-45;افياشR1-T9;11.25;3
RA-F1504324;مفتاح SENSOR رصاصي RV-R3GR-80;افياشR1-T9;24;6
RA-F1504325;مفتاح UP/DOWN رصاصي RV-R3GR-88;افياشR1-T9;10.6;2
RA-F1504326;فيش 13 امبير مع USB رصاصي  RV-R3GR-13USB -TYPE C;افياشR1-T9;18.35;5
RA-F1504401;مفتاح مفرد ذهبي RV-R3GO-11;افياشR1-T9;3.2;1
RA-F1504402;مفتاح مفرد دركسيون ذهبي RV-R3GO-12;افياشR1-T9;3.2;1
RA-F1504403;مفتاح مفرد متوسط دركسيون ذهبي RV-R3GO-13;افياشR1-T9;4.6;1
RA-F1504404;مفتاح مجوز ذهبي  RV-R3GO-21;افياشR1-T9;4.6;1
RA-F1504405;مفتاح مجوز دركسيون ذهبي RV-R3GO-22;افياشR1-T9;4.6;1
RA-F1504406;مفتاح ثلاثي ذهبي RV-R3GO-31;افياشR1-T9;7.75;2
RA-F1504407;مفتاح ثلاثي دريكسون ذهبي RV-R3GO-32;افياشR1-T9;8.1;2
RA-F1504408;مفتاح رباعي ذهبي RV-R3GO-41;افياشR1-T9;7.75;2
RA-F1504409;مفتاح رباعي دركسيون ذهبي RV-R3GO-42;افياشR1-T9;8.1;2
RA-F1504410;مفتاح جرس ذهبي RV-R3GO-14;افياشR1-T9;3.9;1
RA-F1504411;مفتاح سخان ذهبي RV-R3GO-20;افياشR1-T9;9.2;2
RA-F1504412;فيش 13 امبير ذهبي RV-R3GO-33;افياشR1-T9;5.65;1
RA-F1504413;فيش 13 امبير مع USB ذهبي  RV-R3GO-13USB;افياشR1-T9;17.65;4
RA-F1504414;فيش 13 امبير مجوز ذهبي RV-R3GO-53;افياشR1-T9;11.5;3
RA-F1504415;فيش دش ذهبي RV-R3GO-64;افياشR1-T9;7;1
RA-F1504416;فيش تليفون ذهبي RV-R3GO-48;افياشR1-T9;5.25;1
RA-F1504417;فيش كمبيوتر ذهبي RV-R3GO-58;افياشR1-T9;11.25;3
RA-F1504418;فيش كمبيوتر CAT6 ذهبي RV-R3GO-58;افياشR1-T9;12;3
RA-F1504419;مفتاح مكيف 7*7 ذهبي RV-R3GO-74;افياشR1-T9;14.1;3
RA-F1504420;مفتاح مكيف 7*14 ذهبي RV-R3GO-72;افياشR1-T9;15.5;4
RA-F1504421;غطاء تسكيرة 7 ×7 ذهبي RV-R3GO-01;افياشR1-T9;1.7;1
RA-F1504422;غطاء تسكيرة 7 × 14 ذهبي  RV-R3GO-02;افياشR1-T9;2.45;1
RA-F1504423;توصيلة مكيف ذهبي  RV-R3GO-45;افياشR1-T9;11.25;3
RA-F1504424;مفتاح SENSOR ذهبي RV-R3GO-80;افياشR1-T9;24;6
RA-F1504425;مفتاح UP/DOWN ذهبي RV-R3GO-88;افياشR1-T9;10.6;2
RA-F1504426;فيش 13 امبير مع USB ذهبي  RV-R3GO-13USB -TYPE C;افياشR1-T9;18.35;5
RA-F1504501;مفتاح مفرد كوفي جولد RV-R3CG-11;افياشR1-T9;3.2;1
RA-F1504502;مفتاح مفرد دركسيون كوفي جولد RV-R3CG-12;افياشR1-T9;3.2;1
RA-F1504503;مفتاح مفرد متوسط دركسيون كوفي جولد RV-R3CG-13;افياشR1-T9;4.6;1
RA-F1504504;مفتاح مجوز كوفي جولد  RV-R3CG-21;افياشR1-T9;4.6;1
RA-F1504505;مفتاح مجوز دركسيون كوفي جولد RV-R3CG-22;افياشR1-T9;4.6;1
RA-F1504506;مفتاح ثلاثي كوفي جولد RV-R3CG-31;افياشR1-T9;7.75;2
RA-F1504507;مفتاح ثلاثي دريكسون كوفي جولد RV-R3CG-32;افياشR1-T9;8.1;2
RA-F1504508;مفتاح رباعي كوفي جولد RV-R3CG-41;افياشR1-T9;7.75;2
RA-F1504509;مفتاح رباعي دركسيون كوفي جولد RV-R3CG-42;افياشR1-T9;8.1;2
RA-F1504510;مفتاح جرس كوفي جولد RV-R3CG-14;افياشR1-T9;3.9;1
RA-F1504511;مفتاح سخان كوفي جولد RV-R3CG-20;افياشR1-T9;9.2;2
RA-F1504512;فيش 13 امبير كوفي جولد RV-R3CG-33;افياشR1-T9;5.65;1
RA-F1504513;فيش 13 امبير مع USB كوفي جولد  RV-R3CG-13USB;افياشR1-T9;17.65;4
RA-F1504514;فيش 13 امبير مجوز كوفي جولد RV-R3CG-53;افياشR1-T9;11.5;3
RA-F1504515;فيش دش كوفي جولد RV-R3CG-64;افياشR1-T9;7;1
RA-F1504516;فيش تليفون كوفي جولد RV-R3CG-48;افياشR1-T9;5.25;1
RA-F1504517;فيش كمبيوتر كوفي جولد RV-R3CG-58;افياشR1-T9;11.25;3
RA-F1504518;فيش كمبيوتر CAT6 كوفي جولد RV-R3CG-58;افياشR1-T9;12;3
RA-F1504519;مفتاح مكيف 7*7 كوفي جولد RV-R3CG-74;افياشR1-T9;14.1;3
RA-F1504520;مفتاح مكيف 7*14 كوفي جولد RV-R3CG-72;افياشR1-T9;15.5;4
RA-F1504521;غطاء تسكيرة 7 ×7 كوفي جولد RV-R3CG-01;افياشR1-T9;1.7;1
RA-F1504522;غطاء تسكيرة 7 × 14 كوفي جولد  RV-R3CG-02;افياشR1-T9;2.45;1
RA-F1504523;توصيلة مكيف كوفي جولد  RV-R3CG-45;افياشR1-T9;11.25;3
RA-F1504524;مفتاح SENSOR كوفي جولد RV-R3CG-80;افياشR1-T9;24;6
RA-F1504525;مفتاح UP/DOWN كوفي جولد RV-R3CG-88;افياشR1-T9;10.6;2
RA-F1504526;فيش 13 امبير مع USB كوفي جولد  RV-R3CG-13USB - TYPE C;افياشR1-T9;18.35;5
RA-F1505101;مفتاح مفرد اسود A2-B01-11-SLIM;افياش A2;4;1
RA-F1505102;مفتاح مفرد دركسيون اسود A2-B002-12-SLIM;افياش A2;4;1
RA-F1505103;مفتاح مفرد متوسط دركسيون اسود A2-B003-13-SLIM;افياش A2;6;1
RA-F1505104;مفتاح مجوز اسود A2-B004-21-SLIM;افياش A2;6;1
RA-F1505105;مفتاح مجوز دركسيون اسود A2-B005-22-SLIM;افياش A2;6;1
RA-F1505106;مفتاح ثلاثي اسود A2-B006-31-SLIM;افياش A2;10.25;2
RA-F1505107;مفتاح ثلاثي دريكسون اسود A2-B007-32-SLIM;افياش A2;10.9;2
RA-F1505108;مفتاح رباعي اسود A2-B008-41-SLIM;افياش A2;10.25;2
RA-F1505109;مفتاح جرس اسود A2-B009-14-SLIM;افياش A2;4.75;1
RA-F1505110;مفتاح سخان اسود A2-B010-20-SLIM;افياش A2;12.2;3
RA-F1505111;فيش 13 امبير اسود A2-B011-33-SLIM;افياش A2;6.7;1
RA-F1505112;فيش 13 امبير مع USB اسود  A2-B012-13USB-SLIM;افياش A2;16.25;4
RA-F1505113;فيش 13 امبير مجوز اسود A2-B013-53-SLIM;افياش A2;15.5;4
RA-F1505114;فيش دش اسود A2-B014-64-SLIM;افياش A2;9.5;2
RA-F1505115;فيش تليفون اسود A2-B015-48-SLIM;افياش A2;6.7;1
RA-F1505116;فيش كمبيوتر اسود A2-B016-58-SLIM;افياش A2;12;3
RA-F1505117;فيش كمبيوتر CAT6 اسود A2-B017-58-SLIM;افياش A2;12.2;3
RA-F1505118;مفتاح مكيف 7*7 اسود A2-B018-74-SLIM;افياش A2;17.5;4
RA-F1505119;مفتاح مكيف 7*14 اسود A2-B019-72-SLIM;افياش A2;20.1;5
RA-F1505120;غطاء تسكيرة 7 ×7 اسود A2-B020-01-SLIM;افياش A2;2.65;1
RA-F1505121;غطاء تسكيرة 7 × 14 اسود A2-B021-02-SLIM;افياش A2;3.35;1
RA-F1505122;توصيلة مكيف اسود A2-B022-45-SLIM;افياش A2;14.1;3
RA-F1505123;مفتاح ديمر اسود A2-B023-89-SLIM;افياش A2;16.9;4
RA-F1505124;مفتاح SENSOR اسود A2-B024-80-SLIM;افياش A2;24.15;6
RA-F1505125;مفتاح UP/DOWN اسود A2-B025-88-SLIM;افياش A2;10;2
RA-F1505126;مفتاح NIGHT LIGHT اسود A2-B026--SLIM;افياش A2;19.75;5
RA-F1505127;فيش 13 امبير مجوز مع USB اسود  A2-B012-13USB-SLIM -TYPE C;افياش A2;18.35;5
RA-F1505128;INSERT CARD  A2 -اسود;افياش A2;28.25;7
RA-F1505201;مفتاح مفرد رصاصي A2-GR01-11-SLIM;افياش A2;4;1
RA-F1505202;مفتاح مفرد دركسيون رصاصي A2-GR02-12-SLIM;افياش A2;4;1
RA-F1505203;مفتاح مفرد متوسط دركسيون رصاصي A2-GR03-13-SLIM;افياش A2;6;1
RA-F1505204;مفتاح مجوز رصاصي A2-GR04-21-SLIM;افياش A2;6;1
RA-F1505205;مفتاح مجوز دركسيون رصاصي A2-GR05-22-SLIM;افياش A2;6;1
RA-F1505206;مفتاح ثلاثي رصاصي A2-GR06-31-SLIM;افياش A2;10.25;2
RA-F1505207;مفتاح ثلاثي دريكسون رصاصي A2-GR07-32-SLIM;افياش A2;10.9;2
RA-F1505208;مفتاح رباعي رصاصي A2-GR008-41-SLIM;افياش A2;10.25;2
RA-F1505209;مفتاح جرس رصاصي A2-GR009-14-SLIM;افياش A2;4.75;1
RA-F1505210;مفتاح سخان رصاصي A2-GR010-20-SLIM;افياش A2;12.2;3
RA-F1505211;فيش 13 امبير رصاصي A2-GR011-33-SLIM;افياش A2;6.7;1
RA-F1505212;فيش 13 امبير مع USB رصاصي  A2-GR012-13USB-SLIM;افياش A2;16.25;4
RA-F1505213;فيش 13 امبير مجوز رصاصي A2-GR013-53-SLIM;افياش A2;15.5;4
RA-F1505214;فيش دش رصاصي A2-GR014-64-SLIM;افياش A2;9.5;2
RA-F1505215;فيش تليفون رصاصي A2-GR015-48-SLIM;افياش A2;6.7;1
RA-F1505216;فيش كمبيوتر رصاصي A2-GR016-58-SLIM;افياش A2;12;3
RA-F1505217;فيش كمبيوتر CAT6 رصاصي A2-GR017-58-SLIM;افياش A2;12.2;3
RA-F1505218;مفتاح مكيف 7*7 رصاصي A2-GR018-74-SLIM;افياش A2;17.5;4
RA-F1505219;مفتاح مكيف 7*14 رصاصي A2-GR019-72-SLIM;افياش A2;20.1;5
RA-F1505220;غطاء تسكيرة 7 ×7 رصاصي A2-GR020-01-SLIM;افياش A2;2.65;1
RA-F1505221;غطاء تسكيرة 7 × 14 رصاصي A2-GR021-02-SLIM;افياش A2;3.35;1
RA-F1505222;توصيلة مكيف رصاصي A2-GR022-45-SLIM;افياش A2;14.1;3
RA-F1505223;مفتاح ديمر رصاصي A2-GR023-89-SLIM;افياش A2;16.9;4
RA-F1505224;مفتاح SENSOR رصاصي A2-GR024-80-SLIM;افياش A2;24.15;6
RA-F1505225;مفتاح UP/DOWN رصاصي A2-GR025-88-SLIM;افياش A2;10;2
RA-F1505226;مفتاح NIGHT LIGHT رصاصي A2-GR026--SLIM;افياش A2;19.75;5
RA-F1505227;فيش 13 امبير مجوز مع USB رصاصي  A2-GR012-13USB-SLIM -TYPE C;افياش A2;18.35;5
RA-F1505228;INSERT CARD  A2 -رصاصي;افياش A2;28.25;7
RA-F1505301;مفتاح مفرد لؤلؤي A2-P01-11-SLIM;افياش A2;4;1
RA-F1505302;مفتاح مفرد دركسيون لؤلؤي A2-P02-12-SLIM;افياش A2;4;1
RA-F1505303;مفتاح مفرد متوسط دركسيون لؤلؤي A2-P03-13-SLIM;افياش A2;6;1
RA-F1505304;مفتاح مجوز لؤلؤي A2-P04-21-SLIM;افياش A2;6;1
RA-F1505305;مفتاح مجوز دركسيون لؤلؤي A2-P05-22-SLIM;افياش A2;6;1
RA-F1505306;مفتاح ثلاثي لؤلؤيA2-P06-31-SLIM;افياش A2;10.25;2
RA-F1505307;مفتاح ثلاثي دريكسون لؤلؤي A2-P07-32-SLIM;افياش A2;10.9;2
RA-F1505308;مفتاح رباعي لؤلؤي A2-P008-41-SLIM;افياش A2;10.25;2
RA-F1505309;مفتاح جرس لؤلؤي A2-P009-14-SLIM;افياش A2;4.75;1
RA-F1505310;مفتاح سخان لؤلؤي A2-P010-20-SLIM;افياش A2;12.2;3
RA-F1505311;فيش 13 امبير لؤلؤي A2-P011-33-SLIM;افياش A2;6.7;1
RA-F1505312;فيش 13 امبير مع USB لؤلؤي  A2-P012-13USB-SLIM;افياش A2;16.25;4
RA-F1505313;فيش 13 امبير مجوز لؤلؤي A2-P013-53-SLIM;افياش A2;15.5;4
RA-F1505314;فيش دش لؤلؤي A2-P014-64-SLIM;افياش A2;9.5;2
RA-F1505315;فيش تليفون لؤلؤي A2-P015-48-SLIM;افياش A2;6.7;1
RA-F1505316;فيش كمبيوتر لؤلؤي A2-P016-58-SLIM;افياش A2;12;3
RA-F1505317;فيش كمبيوتر CAT6 لؤلؤي A2P017-58-SLIM;افياش A2;12.2;3
RA-F1505318;مفتاح مكيف 7*7 لؤلؤي A2-P018-74-SLIM;افياش A2;17.5;4
RA-F1505319;مفتاح مكيف 7*14 لؤلؤي A2-P019-72-SLIM;افياش A2;20.1;5
RA-F1505320;غطاء تسكيرة 7 ×7 لؤلؤي A2-P020-01-SLIM;افياش A2;2.65;1
RA-F1505321;غطاء تسكيرة 7 × 14 لؤلؤي A2-P021-02-SLIM;افياش A2;3.35;1
RA-F1505322;توصيلة مكيف لؤلؤي A2-P022-45-SLIM;افياش A2;14.1;3
RA-F1505323;مفتاح ديمر لؤلؤي A2-P023-89-SLIM;افياش A2;16.9;4
RA-F1505324;مفتاح SENSOR لؤلؤي A2-P024-80-SLIM;افياش A2;24.15;6
RA-F1505325;مفتاح UP/DOWN لؤلؤي A2-P025-88-SLIM;افياش A2;10;2
RA-F1505326;مفتاح NIGHT LIGHT لؤلؤي A2-P026--SLIM;افياش A2;19.75;5
RA-F1505327;فيش 13 امبير مجوز مع USB لؤلؤي  A2-P012-13USB-SLIM -TYPE C;افياش A2;18.35;5
RA-F1505328;INSERT CARD  A2 - لؤلؤي;افياش A2;28.25;7
RA-F1505401;مفتاح مفرد ذهبي A2-GO01-11-SLIM;افياش A2;4;1
RA-F1505402;مفتاح مفرد دركسيون ذهبي A2-GO02-12-SLIM;افياش A2;4;1
RA-F1505403;مفتاح مفرد متوسط دركسيون ذهبي A2-GO03-13-SLIM;افياش A2;6;1
RA-F1505404;مفتاح مجوز ذهبي A2-G04-21-SLIM;افياش A2;6;1
RA-F1505405;مفتاح مجوز دركسيون ذهبي A2-GR05-22-SLIM;افياش A2;6;1
RA-F1505406;مفتاح ثلاثي ذهبي A2-GO06-31-SLIM;افياش A2;10.25;2
RA-F1505407;مفتاح ثلاثي دريكسون ذهبي A2-GO07-32-SLIM;افياش A2;10.9;2
RA-F1505408;مفتاح رباعي ذهبي A2-GO008-41-SLIM;افياش A2;10.25;2
RA-F1505409;مفتاح جرس ذهبي A2-GO009-14-SLIM;افياش A2;4.75;1
RA-F1505410;مفتاح سخان ذهبي A2-GO010-20-SLIM;افياش A2;12.2;3
RA-F1505411;فيش 13 امبير ذهبي A2-GO011-33-SLIM;افياش A2;6.7;1
RA-F1505412;فيش 13 امبير مع USB ذهبي  A2-GO012-13USB-SLIM;افياش A2;16.25;4
RA-F1505413;فيش 13 امبير مجوز ذهبي A2-GO013-53-SLIM;افياش A2;15.5;4
RA-F1505414;فيش دش ذهبي A2-GO014-64-SLIM;افياش A2;9.5;2
RA-F1505415;فيش تليفون ذهبي A2-GO015-48-SLIM;افياش A2;6.7;1
RA-F1505416;فيش كمبيوتر ذهبي A2-GO016-58-SLIM;افياش A2;12;3
RA-F1505417;فيش كمبيوتر CAT6 ذهبي A2-GO017-58-SLIM;افياش A2;12.2;3
RA-F1505418;مفتاح مكيف 7*7 ذهبيA2-GO018-74-SLIM;افياش A2;17.5;4
RA-F1505419;مفتاح مكيف 7*14 ذهبي A2-GO019-72-SLIM;افياش A2;20.1;5
RA-F1505420;غطاء تسكيرة 7 ×7 ذهبي A2-GO020-01-SLIM;افياش A2;2.65;1
RA-F1505421;غطاء تسكيرة 7 × 14 ذهبي A2-GO021-02-SLIM;افياش A2;3.35;1
RA-F1505422;توصيلة مكيف ذهبي A2-GO022-45-SLIM;افياش A2;14.1;3
RA-F1505423;مفتاح ديمر ذهبي A2-GO023-89-SLIM;افياش A2;16.9;4
RA-F1505424;مفتاح SENSOR ذهبي A2-GO024-80-SLIM;افياش A2;24.15;6
RA-F1505425;مفتاح UP/DOWN ذهبي A2-GO025-88-SLIM;افياش A2;10;2
RA-F1505426;مفتاح NIGHT LIGHT ذهبي A2-GO026--SLIM;افياش A2;19.75;5
RA-F1505427;فيش 13 امبير مجوز مع USB ذهبي  A2-GO012-13USB-SLIM -TYPE C;افياش A2;18.35;5
RA-F1505428;INSERT CARD  A2 - ذهبي;افياش A2;28.25;7
RA-F1505501;مفتاح مفرد بني A2-BN01-11-SLIM;افياش A2;4;1
RA-F1505502;مفتاح مفرد دركسيون بني A2-BN02-12-SLIM;افياش A2;4;1
RA-F1505503;مفتاح مفرد متوسط دركسيون بني A2-BN03-13-SLIM;افياش A2;6;1
RA-F1505504;مفتاح مجوز بني A2-BN04-21-SLIM;افياش A2;6;1
RA-F1505505;مفتاح مجوز دركسيون بني A2-BN05-22-SLIM;افياش A2;6;1
RA-F1505506;مفتاح ثلاثي بني A2-BN06-31-SLIM;افياش A2;10.25;2
RA-F1505507;مفتاح ثلاثي دريكسون بني A2-BN07-32-SLIM;افياش A2;10.9;2
RA-F1505508;مفتاح رباعي بني A2-BN008-41-SLIM;افياش A2;10.25;2
RA-F1505509;مفتاح جرس بني A2-BN009-14-SLIM;افياش A2;4.75;1
RA-F1505510;مفتاح سخان بني A2-BN010-20-SLIM;افياش A2;12.2;3
RA-F1505511;فيش 13 امبير بني A2-BN011-33-SLIM;افياش A2;6.7;1
RA-F1505512;فيش 13 امبير مع USB بني  A2-BN012-13USB-SLIM;افياش A2;16.25;4
RA-F1505513;فيش 13 امبير مجوز بني A2-BN013-53-SLIM;افياش A2;15.5;4
RA-F1505514;فيش دش بني A2-BN014-64-SLIM;افياش A2;9.5;2
RA-F1505515;فيش تليفون بني A2-BN015-48-SLIM;افياش A2;6.7;1
RA-F1505516;فيش كمبيوتر بني A2-BN016-58-SLIM;افياش A2;12;3
RA-F1505517;فيش كمبيوتر CAT6 بني A2-BN017-58-SLIM;افياش A2;12.2;3
RA-F1505518;مفتاح مكيف 7*7 بني A2-BN018-74-SLIM;افياش A2;17.5;4
RA-F1505519;مفتاح مكيف 7*14 بني A2-BN019-72-SLIM;افياش A2;20.1;5
RA-F1505520;غطاء تسكيرة 7 ×7 بني A2-BN020-01-SLIM;افياش A2;2.65;1
RA-F1505521;غطاء تسكيرة 7 × 14 بني A2BN021-02-SLIM;افياش A2;3.35;1
RA-F1505522;توصيلة مكيف بني A2-BN022-45-SLIM;افياش A2;14.1;3
RA-F1505523;مفتاح ديمر بني A2-BN023-89-SLIM;افياش A2;16.9;4
RA-F1505524;مفتاح SENSOR بني A2-BN024-80-SLIM;افياش A2;24.15;6
RA-F1505525;مفتاح UP/DOWN بني A2-BN025-88-SLIM;افياش A2;10;2
RA-F1505526;مفتاح  NIGHT LIGHT بني A2-BN026--SLIM;افياش A2;19.75;5
RA-F1505527;فيش 13 امبير مجوز مع USB بني  A2-BN012-13USB-SLIM -TYPE C;افياش A2;18.35;5
RA-F1505528;INSERT CARD  A2 - بني;افياش A2;28.25;7
RA-F1506001;مفتاح مفرد ابيض RV-K10-01/W11;افياش K10;3.2;1
RA-F1506002;مفتاح مفرد دركسيون ابيض  RV-K10-02/W12;افياش K10;3.2;1
RA-F1506003;مفتاح مفرد متوسط دركسيون ابيض RV-K10-03/W13;افياش K10;4.9;1
RA-F1506004;مفتاح مجوز ابيض RV-K10-04/W21;افياش K10;4.9;1
RA-F1506005;مفتاح مجوز دركسيون ابيض RV-K10-05/W22;افياش K10;4.9;1
RA-F1506006;مفتاح ثلاثي ابيض RV-K10-06/W31;افياش K10;8.1;2
RA-F1506007;مفتاح ثلاثي دريكسون ابيض RV-K10-07/W32;افياش K10;8.8;2
RA-F1506008;مفتاح رباعي ابيض RV-K10-08/W41;افياش K10;8.1;2
RA-F1506009;مفتاح رباعي دركسيون ابيض RV-K10-09/W42;افياش K10;8.1;2
RA-F1506010;مفتاح رباعي ( 7x14 ) ابيض  RV-K10-08/W411;افياش K10;11.5;3
RA-F1506011;فيش 13 امبير ابيض RV-K10-14/W33;افياش K10;5.25;1
RA-F1506012;فيش 13 امبير مع USB ابيض RV-K10-26/W13USB;افياش K10;17.8;4
RA-F1506013;فيش 13 امبير مجوز ابيض RV-K10-15/W53;افياش K10;12.2;3
RA-F1506014;مفتاح جرس ابيض RV-K10-12/W14;افياش K10;3.9;1
RA-F1506015;مفتاح سخان ابيض RV-K10-13/W20;افياش K10;9.9;2
RA-F1506016;فيش تليفون ابيض RV-K10-17/W48;افياش K10;5.25;1
RA-F1506017;فيش كمبيوتر ابيض RV-K10-18/W58;افياش K10;12.35;3
RA-F1506018;فيش كمبيوتر ابيض RV-K10-19/W58 - CAT6;افياش K10;12.35;3
RA-F1506019;فيش دش ابيض RV-K10-16/W64;افياش K10;7.4;2
RA-F1506020;مفتاح مكيف 7*7 ابيض RV-K10-20/W74;افياش K10;13.9;3
RA-F1506021;مفتاح مكيف 7*14 ابيض RV-K10-21/W72;افياش K10;16.25;4
RA-F1506022;غطاء تسكيرة 7 ×7 ابيض RV-K10-22/W01;افياش K10;1.9;1
RA-F1506023;غطاء تسكيرة 7 × 14 ابيض RV-K10-23/W02;افياش K10;2.45;1
RA-F1506024;توصيلة مكيف ابيض RV-K10-25/W45;افياش K10;11.5;3
RA-F1506025;مفتاح UP/DOWN ابيض RV-K10-27/W88;افياش K10;8.5;2
RA-F1506026;مفتاح ديمر ابيض RV-K10-24/W89;افياش K10;28.6;7
RA-F1506027;مفتاح SENSOR ابيض RV-K10-28/W80;افياش K10;22.6;6
RA-F1506028;مفتاح NIGHT LIGHT ابيض RV-K10-29;افياش K10;19.75;5
RA-F1506029;فيش 13 امبير مع USB ابيض RV-K10-26/W13USB -TYPE C;افياش K10;17.65;4
RA-F1506101;مفتاح مفرد اسود RV-K10-01/B11;افياش K10;4;1
RA-F1506102;مفتاح مفرد دركسيون اسود  RV-K10-02/B12;افياش K10;4;1
RA-F1506103;مفتاح مفرد متوسط دركسيون اسود RV-K10-03/B13;افياش K10;6;1
RA-F1506104;مفتاح مجوز اسود RV-K10-04/B21;افياش K10;6;1
RA-F1506105;مفتاح مجوز دركسيون اسود RV-K10-05/B22;افياش K10;6;1
RA-F1506106;مفتاح ثلاثي اسود RV-K10-06/B31;افياش K10;10.25;2
RA-F1506107;مفتاح ثلاثي دريكسون اسود RV-K10-07/B32;افياش K10;10.9;2
RA-F1506108;مفتاح رباعي اسود RV-K10-08/B41;افياش K10;10.25;2
RA-F1506109;مفتاح رباعي دركسيون اسود RV-K10-09/B42;افياش K10;10.9;2
RA-F1506111;فيش 13 امبير اسود RV-K10-14/B33;افياش K10;6.7;1
RA-F1506112;فيش 13 امبير مفرد مع USB اسود RV-K10-26/B13USB -TYPE C;افياش K10;17.25;4
RA-F1506113;فيش 13 امبير مجوز اسود RV-K10-15/B53;افياش K10;15.5;4
RA-F1506114;مفتاح جرس اسود RV-K10-12/B14;افياش K10;4.75;1
RA-F1506115;مفتاح سخان اسود RV-K10-13/B20;افياش K10;12.2;3
RA-F1506116;فيش تليفون اسود RV-K10-17/B48;افياش K10;6.7;1
RA-F1506117;فيش كمبيوتر اسود RV-K10-18/B58 - CAT5;افياش K10;15.5;4
RA-F1506118;فيش كمبيوتر اسود RV-K10-19/B58 - CAT6;افياش K10;12.2;3
RA-F1506119;فيش دش اسود RV-K10-16/B64;افياش K10;9.5;2
RA-F1506120;مفتاح مكيف 7*7 اسود RV-K10-20/B74;افياش K10;17.5;4
RA-F1506121;مفتاح مكيف 7*14 اسود RV-K10-21/B72;افياش K10;20.1;5
RA-F1506122;غطاء تسكيرة 7 ×7 اسود RV-K10-22/B01;افياش K10;2.65;1
RA-F1506123;غطاء تسكيرة 7 × 14 اسود RV-K10-23/B02;افياش K10;3.35;1
RA-F1506124;توصيلة مكيف اسود RV-K10-25/B45;افياش K10;14.1;3
RA-F1506125;مفتاح UP/DOBN اسود RV-K10-27/B88;افياش K10;10;2
RA-F1506127;مفتاح SENSOR اسود RV-K10-28/B80;افياش K10;24.15;6
RA-F1506129;فيش 13 امبير مجوز مع USB اسود RV-K10-26/B13USB -TYPE C;افياش K10;18.35;5
RA-F1506201;مفتاح مفرد رصاصي RV-K10-01/GR11;افياش K10;4;1
RA-F1506202;مفتاح مفرد دركسيون رصاصي  RV-K10-02/GR12;افياش K10;4;1
RA-F1506203;مفتاح مفرد متوسط دركسيون رصاصي RV-K10-03/GR13;افياش K10;6;1
RA-F1506204;مفتاح مجوز رصاصي RV-K10-04/GR21;افياش K10;6;1
RA-F1506205;مفتاح مجوز دركسيون رصاصي RV-K10-05/GR22;افياش K10;6;1
RA-F1506206;مفتاح ثلاثي رصاصي RV-K10-06/GR31;افياش K10;10.25;2
RA-F1506207;مفتاح ثلاثي دريكسون رصاصي RV-K10-07/GR32;افياش K10;10.9;2
RA-F1506208;مفتاح رباعي رصاصي RV-K10-08/GR41;افياش K10;10.25;2
RA-F1506209;مفتاح رباعي دركسيون رصاصي RV-K10-09/GR42;افياش K10;10.9;2
RA-F1506211;فيش 13 امبير رصاصي RV-K10-14/GR33;افياش K10;6.7;1
RA-F1506212;فيش 13 امبير مفرد مع USB رصاصي RV-K10-26/GR13USB -TYPE C;افياش K10;17.25;4
RA-F1506213;فيش 13 امبير مجوز رصاصي RV-K10-15/GR53;افياش K10;15.5;4
RA-F1506214;مفتاح جرس رصاصي RV-K10-12/GR14;افياش K10;4.75;1
RA-F1506215;مفتاح سخان رصاصي RV-K10-13/GR20;افياش K10;12.2;3
RA-F1506216;فيش تليفون رصاصي RV-K10-17/GR48;افياش K10;6.7;1
RA-F1506217;فيش كمبيوتر رصاصي RV-K10-18/GR58 - CAT5;افياش K10;15.5;4
RA-F1506218;فيش كمبيوتر رصاصي RV-K10-19/GR58 - CAT6;افياش K10;12.2;3
RA-F1506219;فيش دش رصاصي RV-K10-16/GR64;افياش K10;9.5;2
RA-F1506220;مفتاح مكيف 7*7 رصاصي RV-K10-20/GR74;افياش K10;17.5;4
RA-F1506221;مفتاح مكيف 7*14 رصاصي RV-K10-21/GR72;افياش K10;20.1;5
RA-F1506222;غطاء تسكيرة 7 ×7 رصاصي RV-K10-22/GR01;افياش K10;2.65;1
RA-F1506223;غطاء تسكيرة 7 × 14 رصاصي RV-K10-23/GR02;افياش K10;3.35;1
RA-F1506224;توصيلة مكيف رصاصي RV-K10-25/GR45;افياش K10;14.1;3
RA-F1506225;مفتاح UP/DOGRN رصاصي RV-K10-27/GR88;افياش K10;10;2
RA-F1506227;مفتاح SENSOR رصاصي RV-K10-28/GR80;افياش K10;24.15;6
RA-F1506229;فيش 13 امبيرمجوز مع USB رصاصي RV-K10-26/GR13USB -TYPE C;افياش K10;18.35;5
RA-F1506301;مفتاح مفرد لؤلؤي RV-K10-01/P11;افياش K10;4;1
RA-F1506302;مفتاح مفرد دركسيون لؤلؤي  RV-K10-02/P12;افياش K10;4;1
RA-F1506303;مفتاح مفرد متوسط دركسيون لؤلؤي RV-K10-03/P13;افياش K10;6;1
RA-F1506304;مفتاح مجوز لؤلؤي RV-K10-04/P21;افياش K10;6;1
RA-F1506305;مفتاح مجوز دركسيون لؤلؤي RV-K10-05/P22;افياش K10;6;1
RA-F1506306;مفتاح ثلاثي لؤلؤي RV-K10-06/P31;افياش K10;10.25;2
RA-F1506307;مفتاح ثلاثي دريكسون لؤلؤي RV-K10-07/P32;افياش K10;10.9;2
RA-F1506308;مفتاح رباعي لؤلؤي RV-K10-08/P41;افياش K10;10.25;2
RA-F1506309;مفتاح رباعي دركسيون لؤلؤي RV-K10-09/P42;افياش K10;10.9;2
RA-F1506311;فيش 13 امبير لؤلؤي RV-K10-14/P33;افياش K10;6.7;1
RA-F1506312;فيش 13 امبير مفرد مع USB لؤلؤي RV-K10-26/P13USB -TYPE C;افياش K10;17.25;4
RA-F1506313;فيش 13 امبير مجوز لؤلؤي RV-K10-15/P53;افياش K10;15.5;4
RA-F1506314;مفتاح جرس لؤلؤي RV-K10-12/P14;افياش K10;4.75;1
RA-F1506315;مفتاح سخان لؤلؤي RV-K10-13/P20;افياش K10;12.2;3
RA-F1506316;فيش تليفون لؤلؤي RV-K10-17/P48;افياش K10;6.7;1
RA-F1506317;فيش كمبيوتر لؤلؤي RV-K10-18/P58 - CAT5;افياش K10;15.5;4
RA-F1506318;فيش كمبيوتر لؤلؤي RV-K10-19/P58 - CAT6;افياش K10;12.2;3
RA-F1506319;فيش دش لؤلؤي RV-K10-16/P64;افياش K10;9.5;2
RA-F1506320;مفتاح مكيف 7*7 لؤلؤي RV-K10-20/P74;افياش K10;17.5;4
RA-F1506321;مفتاح مكيف 7*14 لؤلؤي RV-K10-21/P72;افياش K10;20.1;5
RA-F1506322;غطاء تسكيرة 7 ×7 لؤلؤي RV-K10-22/P01;افياش K10;2.65;1
RA-F1506323;غطاء تسكيرة 7 × 14 لؤلؤي RV-K10-23/P02;افياش K10;3.35;1
RA-F1506324;توصيلة مكيف لؤلؤي RV-K10-25/P45;افياش K10;14.1;3
RA-F1506325;مفتاح UP/DOPN لؤلؤي RV-K10-27/P88;افياش K10;10;2
RA-F1506327;مفتاح SENSOR لؤلؤي RV-K10-28/P80;افياش K10;24.15;6
RA-F1506329;فيش 13 امبير مجوز مع USB لؤلؤي RV-K10-26/P13USB -TYPE C;افياش K10;18.35;5
RA-F1507101;مفتاح مفرد اسود A5-B01-11-BabyFace;افياش A5;4;1
RA-F1507102;مفتاح مفرد دركسيون اسود A5-B002-12-BabyFace;افياش A5;4;1
RA-F1507103;مفتاح مفرد متوسط دركسيون اسود A5-B003-13-BabyFace;افياش A5;6;1
RA-F1507104;مفتاح مجوز اسود A5-B004-21-BabyFace;افياش A5;6;1
RA-F1507105;مفتاح مجوز دركسيون اسود A5-B005-22-BabyFace;افياش A5;6;1
RA-F1507106;مفتاح ثلاثي اسود A5-B006-31-BabyFace;افياش A5;10.25;2
RA-F1507107;مفتاح ثلاثي دريكسون اسود A5-B007-32-BabyFace;افياش A5;10.9;2
RA-F1507108;مفتاح رباعي اسود A5-B008-41-BabyFace;افياش A5;10.25;2
RA-F1507109;مفتاح جرس اسود A5-B009-14-BabyFace;افياش A5;4.75;1
RA-F1507110;مفتاح سخان اسود A5-B010-20-BabyFace;افياش A5;12.2;3
RA-F1507111;فيش 13 امبير اسود A5-B011-33-BabyFace;افياش A5;6.7;1
RA-F1507112;فيش 13 امبير مع USB اسود  A5-B012-13USB-TYPE-C BabyFace;افياش A5;16.25;4
RA-F1507113;فيش 13 امبير مجوز اسود A5-B013-53-BabyFace;افياش A5;15.5;4
RA-F1507114;فيش دش اسود A5-B014-64-BabyFace;افياش A5;9.5;2
RA-F1507115;فيش تليفون اسود A5-B015-48-BabyFace;افياش A5;6.7;1
RA-F1507116;فيش كمبيوتر اسود A5-B016-58-BabyFace;افياش A5;12;3
RA-F1507117;فيش كمبيوتر CAT6 اسود A5-B017-58-BabyFace;افياش A5;12.2;3
RA-F1507118;مفتاح مكيف 7*7 اسود A5-B018-74-BabyFace;افياش A5;17.5;4
RA-F1507119;مفتاح مكيف 7*14 اسود A5-B019-72-BabyFace;افياش A5;20.1;5
RA-F1507120;غطاء تسكيرة 7 ×7 اسود A5-B020-01-BabyFace;افياش A5;2.65;1
RA-F1507121;غطاء تسكيرة 7 × 14 اسود A5-B021-02-BabyFace;افياش A5;3.35;1
RA-F1507122;توصيلة مكيف اسود A5-B022-45-BabyFace;افياش A5;14.1;3
RA-F1507123;مفتاح ديمر اسود A5-B023-89-BabyFace;افياش A5;16.9;4
RA-F1507124;مفتاح SENSOR اسود A5-B024-80-BabyFace;افياش A5;24.15;6
RA-F1507125;مفتاح UP/DOWN اسود A5-B025-88-BabyFace;افياش A5;10;2
RA-F1507126;مفتاح NIGHT LIGHT اسود A5-B026--BabyFace;افياش A5;19.75;5
RA-F1507127;فيش مجوز 13 امبير مع USB اسود  A5-B012-13USB-BabyFace -TYPE C;افياش A5;18.35;5
RA-F1507201;مفتاح مفرد رصاصي A5-GR01-11-BabyFace;افياش A5;4;1
RA-F1507202;مفتاح مفرد دركسيون رصاصي A5-GR02-12-BabyFace;افياش A5;4;1
RA-F1507203;مفتاح مفرد متوسط دركسيون رصاصي A5-GR03-13-BabyFace;افياش A5;6;1
RA-F1507204;مفتاح مجوز رصاصي A5-GR04-21-BabyFace;افياش A5;6;1
RA-F1507205;مفتاح مجوز دركسيون رصاصي A5-GR05-22-BabyFace;افياش A5;6;1
RA-F1507206;مفتاح ثلاثي رصاصي A5-GR06-31-BabyFace;افياش A5;10.25;2
RA-F1507207;مفتاح ثلاثي دريكسون رصاصي A5-GR07-32-BabyFace;افياش A5;10.9;2
RA-F1507208;مفتاح رباعي رصاصي A5-GR008-41-BabyFace;افياش A5;10.25;2
RA-F1507209;مفتاح جرس رصاصي A5-GR009-14-BabyFace;افياش A5;4.75;1
RA-F1507210;مفتاح سخان رصاصي A5-GR010-20-BabyFace;افياش A5;12.2;3
RA-F1507211;فيش 13 امبير رصاصي A5-GR011-33-BabyFace;افياش A5;6.7;1
RA-F1507212;فيش 13 امبير مع USB رصاصي  A5-GR012-13USB-TYPE-C BabyFace;افياش A5;16.25;4
RA-F1507213;فيش 13 امبير مجوز رصاصي A5-GR013-53-BabyFace;افياش A5;15.5;4
RA-F1507214;فيش دش رصاصي A5-GR014-64-BabyFace;افياش A5;9.5;2
RA-F1507215;فيش تليفون رصاصي A5-GR015-48-BabyFace;افياش A5;6.7;1
RA-F1507216;فيش كمبيوتر رصاصي A5-GR016-58-BabyFace;افياش A5;12;3
RA-F1507217;فيش كمبيوتر CAT6 رصاصي A5-GR017-58-BabyFace;افياش A5;12.2;3
RA-F1507218;مفتاح مكيف 7*7 رصاصي A5-GR018-74-BabyFace;افياش A5;17.5;4
RA-F1507219;مفتاح مكيف 7*14 رصاصي A5-GR019-72-BabyFace;افياش A5;20.1;5
RA-F1507220;غطاء تسكيرة 7 ×7 رصاصي A5-GR020-01-BabyFace;افياش A5;2.65;1
RA-F1507221;غطاء تسكيرة 7 × 14 رصاصي A5-GR021-02-BabyFace;افياش A5;3.35;1
RA-F1507222;توصيلة مكيف رصاصي A5-GR022-45-BabyFace;افياش A5;14.1;3
RA-F1507223;مفتاح ديمر رصاصي A5-GR023-89-BabyFace;افياش A5;16.9;4
RA-F1507224;مفتاح SENSOR رصاصي A5-GR024-80-BabyFace;افياش A5;24.15;6
RA-F1507225;مفتاح UP/DOWN رصاصي A5-GR025-88-BabyFace;افياش A5;10;2
RA-F1507226;مفتاح NIGHT LIGHT رصاصي A5-GR026--BabyFace;افياش A5;19.75;5
RA-F1507227;فيش مجوز 13 امبير مع USB رصاصي  A5-GR012-13USB-BabyFace -TYPE C;افياش A5;18.35;5
RA-F1507301;مفتاح مفرد بني A5-BN01-11-BabyFace;افياش A5;4;1
RA-F1507302;مفتاح مفرد دركسيون بني A5-BN02-12-BabyFace;افياش A5;4;1
RA-F1507303;مفتاح مفرد متوسط دركسيون بني A5-BN03-13-BabyFace;افياش A5;6;1
RA-F1507304;مفتاح مجوز بني A5-BN04-21-BabyFace;افياش A5;6;1
RA-F1507305;مفتاح مجوز دركسيون بني A5-BN05-22-BabyFace;افياش A5;6;1
RA-F1507306;مفتاح ثلاثي بني A5-BN06-31-BabyFace;افياش A5;10.25;2
RA-F1507307;مفتاح ثلاثي دريكسون بني A5-BN07-32-BabyFace;افياش A5;10.9;2
RA-F1507308;مفتاح رباعي بني A5-BN008-41-BabyFace;افياش A5;10.25;2
RA-F1507309;مفتاح جرس بني A5-BN009-14-BabyFace;افياش A5;4.75;1
RA-F1507310;مفتاح سخان بني A5-BN010-20-BabyFace;افياش A5;12.2;3
RA-F1507311;فيش 13 امبير بني A5-BN011-33-BabyFace;افياش A5;6.7;1
RA-F1507312;فيش 13 امبير مع USB بني  A5-BN012-13USB-BabyFace;افياش A5;16.25;4
RA-F1507313;فيش 13 امبير مجوز بني A5-BN013-53-BabyFace;افياش A5;15.5;4
RA-F1507314;فيش دش بني A5-BN014-64-BabyFace;افياش A5;9.5;2
RA-F1507315;فيش تليفون بني A5-BN015-48-BabyFace;افياش A5;6.7;1
RA-F1507316;فيش كمبيوتر بني A5-BN016-58-BabyFace;افياش A5;12;3
RA-F1507317;فيش كمبيوتر CAT6 بني A5-BN017-58-BabyFace;افياش A5;12.2;3
RA-F1507318;مفتاح مكيف 7*7 بني A5-BN018-74-BabyFace;افياش A5;17.5;4
RA-F1507319;مفتاح مكيف 7*14 بني A5-BN019-72-BabyFace;افياش A5;20.1;5
RA-F1507320;غطاء تسكيرة 7 ×7 بني A5-BN020-01-BabyFace;افياش A5;2.65;1
RA-F1507321;غطاء تسكيرة 7 × 14 بني A5BN021-02-BabyFace;افياش A5;3.35;1
RA-F1507322;توصيلة مكيف بني A5-BN022-45-BabyFace;افياش A5;14.1;3
RA-F1507323;مفتاح ديمر بني A5-BN023-89-BabyFace;افياش A5;16.9;4
RA-F1507324;مفتاح SENSOR بني A5-BN024-80-BabyFace;افياش A5;24.15;6
RA-F1507325;مفتاح UP/DOWN بني A5-BN025-88-BabyFace;افياش A5;10;2
RA-F1507326;مفتاح  NIGHT LIGHT بني A5-BN026--BabyFace;افياش A5;19.75;5
RA-F1507327;فيش مجوز 13 امبير مع USB بني  A5-BN012-13USB-TYPE-C BabyFace;افياش A5;18.35;5
RA-F1508101;مفتاح مفرد اسود R1.1-B001-11;افياشR1-T9;4;1
RA-F1508102;مفتاح مفرد دركسيون اسود R1.1-B002-12;افياشR1-T9;4;1
RA-F1508103;مفتاح مفرد متوسط دركسيون اسود R1.1-B003-13;افياشR1-T9;6;1
RA-F1508104;مفتاح مجوز اسود R1.1-B004-21;افياشR1-T9;6;1
RA-F1508105;مفتاح مجوز دركسيون اسود R1.1-B005-22;افياشR1-T9;6;1
RA-F1508106;مفتاح ثلاثي اسود R1.1-B006-31;افياشR1-T9;10.25;2
RA-F1508107;مفتاح ثلاثي دريكسون اسود R1.1-B007-32;افياشR1-T9;10.9;2
RA-F1508108;مفتاح رباعي اسود R1.1-B008-41;افياشR1-T9;10.25;2
RA-F1508109;مفتاح جرس اسود R1.1-B009-14;افياشR1-T9;4.75;1
RA-F1508110;مفتاح سخان اسود R1.1-B010-20;افياشR1-T9;12.2;3
RA-F1508111;فيش 13 امبير اسود R1.1-B011-33;افياشR1-T9;6.7;1
RA-F1508112;فيش 13 امبير مع USB اسود  R1.1-B012-13USB;افياشR1-T9;17.25;4
RA-F1508113;فيش 13 امبير مجوز اسود R1.1-B013-53;افياشR1-T9;15.5;4
RA-F1508114;فيش مجوز 13 امبير مع USB اسود  R1.1-B027-13USB -TYPE C;افياشR1-T9;18.35;5
RA-F1508115;فيش دش اسود R1.1-B014-64;افياشR1-T9;9.5;2
RA-F1508116;فيش تليفون اسود R1.1-B015-48;افياشR1-T9;6.7;1
RA-F1508117;فيش كمبيوتر اسود R1.1-B016-58;افياشR1-T9;12;3
RA-F1508118;فيش كمبيوتر CAT6 اسود R1.1-B017-58;افياشR1-T9;12.2;3
RA-F1508119;مفتاح مكيف 7*7 اسود R1.1-B018-74;افياشR1-T9;17.5;4
RA-F1508120;مفتاح مكيف 7*14 اسود R1.1-B019-72;افياشR1-T9;20.1;5
RA-F1508121;غطاء تسكيرة 7 ×7 اسود R1.1-B020-01;افياشR1-T9;2.65;1
RA-F1508122;غطاء تسكيرة 7 × 14 اسود R1.1-B021-02;افياشR1-T9;3.35;1
RA-F1508123;توصيلة مكيف اسود R1.1-B022-45;افياشR1-T9;14.1;3
RA-F1508124;مفتاح ديمر اسود R1.1-B023-89;افياشR1-T9;16.9;4
RA-F1508125;مفتاح SENSOR اسود R1.1-B024-80;افياشR1-T9;24.15;6
RA-F1508126;مفتاح UP/DOWN اسود R1.1-B025-88;افياشR1-T9;10;2
RA-F1508127;مفتاح NIGHT LIGHT اسود R1.1-B026;افياشR1-T9;19.75;5
RA-F1508201;مفتاح مفرد رصاصي R1.1-GR001-11;افياشR1-T9;4;1
RA-F1508202;مفتاح مفرد دركسيون رصاصي R1.1-GR002-12;افياشR1-T9;4;1
RA-F1508203;مفتاح مفرد متوسط دركسيون رصاصي R1.1-GR003-13;افياشR1-T9;6;1
RA-F1508204;مفتاح مجوز رصاصي R1.1-GR004-21;افياشR1-T9;6;1
RA-F1508205;مفتاح مجوز دركسيون رصاصي R1.1-GR005-22;افياشR1-T9;6;1
RA-F1508206;مفتاح ثلاثي رصاصي R1.1-GR006-31;افياشR1-T9;10.25;2
RA-F1508207;مفتاح ثلاثي دريكسون رصاصي R1.1-GR007-32;افياشR1-T9;10.9;2
RA-F1508208;مفتاح رباعي رصاصي R1.1-GR008-41;افياشR1-T9;10.25;2
RA-F1508209;مفتاح جرس رصاصي R1.1-GR009-14;افياشR1-T9;4.75;1
RA-F1508210;مفتاح سخان رصاصي R1.1-GR010-20;افياشR1-T9;12.2;3
RA-F1508211;فيش 13 امبير رصاصي R1.1-GR011-33;افياشR1-T9;6.7;1
RA-F1508212;فيش 13 امبير مع USB رصاصي  R1.1-GR012-13USB;افياشR1-T9;17.25;4
RA-F1508213;فيش 13 امبير مجوز رصاصي R1.1-GR013-53;افياشR1-T9;15.5;4
RA-F1508214;فيش مجوز 13 امبير مع USB رصاصي  R1.1-GR027-13USB -TYPE C;افياشR1-T9;18.35;5
RA-F1508215;فيش دش رصاصي R1.1-GR014-64;افياشR1-T9;9.5;2
RA-F1508216;فيش تليفون رصاصي R1.1-GR015-48;افياشR1-T9;6.7;1
RA-F1508217;فيش كمبيوتر رصاصي R1.1-GR016-58;افياشR1-T9;12;3
RA-F1508218;فيش كمبيوتر CAT6 رصاصي R1.1-GR017-58;افياشR1-T9;12.2;3
RA-F1508219;مفتاح مكيف 7*7 رصاصي R1.1-GR018-74;افياشR1-T9;17.5;4
RA-F1508220;مفتاح مكيف 7*14 رصاصي R1.1-GR019-72;افياشR1-T9;20.1;5
RA-F1508221;غطاء تسكيرة 7 ×7 رصاصي R1.1-GR020-01;افياشR1-T9;2.65;1
RA-F1508222;غطاء تسكيرة 7 × 14 رصاصي R1.1-GR021-02;افياشR1-T9;3.35;1
RA-F1508223;توصيلة مكيف رصاصي R1.1-GR022-45;افياشR1-T9;14.1;3
RA-F1508224;مفتاح ديمر رصاصي R1.1-GR023-89;افياشR1-T9;16.9;4
RA-F1508225;مفتاح SENSOR رصاصي R1.1-GR024-80;افياشR1-T9;24.15;6
RA-F1508226;مفتاح UP/DOWN رصاصي R1.1-GR025-88;افياشR1-T9;10;2
RA-F1508227;مفتاح NIGHT LIGHT رصاصي R1.1-GR026;افياشR1-T9;19.75;5
RA-F1508301;مفتاح مفرد لؤلؤي R1.1-P001-11;افياشR1-T9;4;1
RA-F1508302;مفتاح مفرد دركسيون لؤلؤي R1.1-P002-12;افياشR1-T9;4;1
RA-F1508303;مفتاح مفرد متوسط دركسيون لؤلؤي R1.1-P003-13;افياشR1-T9;6;1
RA-F1508304;مفتاح مجوز لؤلؤي R1.1-P004-21;افياشR1-T9;6;1
RA-F1508305;مفتاح مجوز دركسيون لؤلؤي R1.1-P005-22;افياشR1-T9;6;1
RA-F1508306;مفتاح ثلاثي لؤلؤي R1.1-P006-31;افياشR1-T9;10.25;2
RA-F1508307;مفتاح ثلاثي دريكسون لؤلؤي R1.1-P007-32;افياشR1-T9;10.9;2
RA-F1508308;مفتاح رباعي لؤلؤي R1.1-P008-41;افياشR1-T9;10.25;2
RA-F1508309;مفتاح جرس لؤلؤي R1.1-P009-14;افياشR1-T9;4.75;1
RA-F1508310;مفتاح سخان لؤلؤي R1.1-P010-20;افياشR1-T9;12.2;3
RA-F1508311;فيش 13 امبير لؤلؤي R1.1-P011-33;افياشR1-T9;6.7;1
RA-F1508312;فيش 13 امبير مع USB لؤلؤي  R1.1-P012-13USB;افياشR1-T9;17.25;4
RA-F1508313;فيش 13 امبير مجوز لؤلؤي R1.1-P013-53;افياشR1-T9;15.5;4
RA-F1508314;فيش مجوز 13 امبير مع USB لؤلؤي  R1.1-P027-13USB -TYPE C;افياشR1-T9;18.35;5
RA-F1508315;فيش دش لؤلؤي R1.1-P014-64;افياشR1-T9;9.5;2
RA-F1508316;فيش تليفون لؤلؤي R1.1-P015-48;افياشR1-T9;6.7;1
RA-F1508317;فيش كمبيوتر لؤلؤي R1.1-P016-58;افياشR1-T9;12;3
RA-F1508318;فيش كمبيوتر CAT6 لؤلؤي R1.1-P017-58;افياشR1-T9;12.2;3
RA-F1508319;مفتاح مكيف 7*7 لؤلؤي R1.1-P018-74;افياشR1-T9;17.5;4
RA-F1508320;مفتاح مكيف 7*14 لؤلؤي R1.1-P019-72;افياشR1-T9;20.1;5
RA-F1508321;غطاء تسكيرة 7 ×7 لؤلؤي R1.1-P020-01;افياشR1-T9;2.65;1
RA-F1508322;غطاء تسكيرة 7 × 14 لؤلؤي R1.1-P021-02;افياشR1-T9;3.35;1
RA-F1508323;توصيلة مكيف لؤلؤي R1.1-P022-45;افياشR1-T9;14.1;3
RA-F1508324;مفتاح ديمر لؤلؤي R1.1-P023-89;افياشR1-T9;16.9;4
RA-F1508325;مفتاح SENSOR لؤلؤي R1.1-P024-80;افياشR1-T9;24.15;6
RA-F1508326;مفتاح UP/DOWN لؤلؤي R1.1-P025-88;افياشR1-T9;10;2
RA-F1508327;مفتاح NIGHT LIGHT لؤلؤي R1.1-P026;افياشR1-T9;19.75;5
RA-F2401001;علبه مفرد فيش ارضي استانلس استيل - سيلفر RV-2504 / 128;افياش ارضي;19;5
RA-F2401002;علبه مفرد فيش ارضي استانلس استيل - اسود RV-2504 / 128;افياش ارضي;19;5
RA-F2401011;علبه ثنائي فيش ارضي استانلس استيل - سيلفر RV-2505 / 128;افياش ارضي;53;10
RA-F2401012;علبه ثنائي فيش ارضي استانلس استيل - اسود RV-2505 / 128;افياش ارضي;53;10
RA-F2401101;فيش 13 امبير - ارضي / 128 - RV-001;افياش ارضي;3;1
RA-F2401102;فيش 13 امبير USB -TYPE C - ارضي / 128  - RV-004;افياش ارضي;17.75;4
RA-F2401103;فيش تليفون  - ارضي / 128   - RV-002;افياش ارضي;2.5;1
RA-F2401104;فيش كمبيوتر CAT-6 -  128  - RV-003;افياش ارضي;3;1
RA-F2402001;علبه مجوز فيش ارضي استانلس استيل - سيلفرRV-2506 / 45;افياش ارضي;42.25;10
RA-F2402002;علبه مجوز فيش ارضي استانلس استيل - اسود RV-2506 / 45;افياش ارضي;42.25;10
RA-F2402101;فيش 13 امبير - ارضي / 45 - RV-001-1;افياش ارضي;3;1
RA-F2403001;علبة افياش ومفاتيح ارضي استانلس استيل 2 فتحات - سيلفر RV-2507 / 86;افياش ارضي;56.5;15
RA-F2403002;علبة افياش ومفاتيح ارضي استانلس استيل 4 فتحات - سيلفر RV-2508 / 86;افياش ارضي;134;30
RA-F2403003;علبة افياش ومفاتيح ارضي استانلس استيل 6 فتحات - سيلفر RV-2509 / 86;افياش ارضي;247;60
RA-F2404001;علبة طاولة افياش ومفاتيح المونيوم - اسود - RV-2510;افياش ارضي;56.5;15
RA-F2404101;فيش 13 امبير - طاولة / اسود - RV-006;افياش ارضي;3;1
RA-F2404102;فيش 13 امبير USB -TYPE C - طاولة / اسود - RV-007;افياش ارضي;10.5;2
RA-F2404103;فيش HDMI - طاولة / اسود - RV-008;افياش ارضي;7;1
RA-F2501001;علبه مفرد وتربروف افياش ومفاتيح IP66 - Y-023;علب WPF;15;4
RA-F2501002;علبه مفرد وتربروف افياش ومفاتيح IP66 - Y-024;علب WPF;15;4
RA-F2501003;علبه ثنائي وتربروف افياش ومفاتيح IP66 - Y-025;علب WPF;22;5
RA-F2502001;فيش مفرد 13امبير مربع  مع علبة وتربروف   IP55 - Y-028;علب WPF;10;2
RA-F2502002;فيش مفرد 13امبير مربع + مفتاح مفرد عادي  مع علبة وتربروف  IP55 - Y-029;علب WPF;14;3
RA-F2502003;فيش مجوز 13امبير مربع مع علبة وتربروف  IP55 - Y-030;علب WPF;20;5
RA-F2503001;فيش مفرد 13امبير دائري  مع علبة وتربروف   IP66 - Y-031;علب WPF;24;6
RA-F2503002;فيش مجوز 13امبير دائري  مع علبة وتربروف   IP66 - Y-032;علب WPF;44;10
RA-F2504001;علبة قاطع وتربروف 3 خط  HT /  IP-65 - Y-033;علب WPF;10;2
RA-F2504002;علبة قاطع وتربروف 5 خط HT /  IP-65 - Y-034;علب WPF;13;3
RA-F2504003;علبة قاطع وتربروف 8 خط HT /  IP-65 - Y-035;علب WPF;16;4
RA-F2504004;علبة قاطع وتربروف 12 خط HT /  IP-65 - Y-036;علب WPF;27;7
